"datetime","open","high","low","close","volume","symbol_id","period_mins","version"
"2024-10-12 16:25:00","0.07671","0.07688","0.0767","0.07688","8249","11",1,"0"
"2024-10-12 16:26:00","0.07688","0.07688","0.07681","0.07686","3164","11",1,"0"
"2024-10-12 16:27:00","0.07686","0.07686","0.07672","0.07678","5406","11",1,"0"
"2024-10-12 16:28:00","0.07678","0.0771","0.07678","0.0771","204496","11",1,"0"
"2024-10-12 16:29:00","0.0771","0.07756","0.07708","0.07753","172354","11",1,"0"
"2024-10-12 16:30:00","0.07753","0.07769","0.07732","0.07739","60238","11",1,"0"
"2024-10-12 16:31:00","0.07739","0.07751","0.07739","0.07751","3291","11",1,"0"
"2024-10-12 16:32:00","0.07751","0.07751","0.07735","0.0775","5133","11",1,"0"
"2024-10-12 16:33:00","0.0775","0.07753","0.0775","0.07753","513","11",1,"0"
"2024-10-12 16:36:00","0.07753","0.07753","0.07743","0.07745","7210","11",1,"0"
"2024-10-12 16:37:00","0.07745","0.07745","0.07744","0.07744","121","11",1,"0"
"2024-10-12 16:38:00","0.07744","0.07744","0.07732","0.07732","4717","11",1,"0"
"2024-10-12 16:39:00","0.07732","0.0774","0.07732","0.0774","2880","11",1,"0"
"2024-10-12 16:40:00","0.0774","0.07742","0.0774","0.07742","1407","11",1,"0"
"2024-10-12 16:41:00","0.07742","0.07744","0.0774","0.0774","12401","11",1,"0"
"2024-10-12 16:42:00","0.0774","0.0774","0.07721","0.07721","47613","11",1,"0"
"2024-10-12 16:43:00","0.07721","0.07721","0.07688","0.07692","23026","11",1,"0"
"2024-10-12 16:44:00","0.07692","0.07711","0.07691","0.07711","6771","11",1,"0"
"2024-10-12 16:45:00","0.07711","0.07719","0.07711","0.07719","14987","11",1,"0"
"2024-10-12 16:46:00","0.07719","0.07719","0.07698","0.07704","2027","11",1,"0"
"2024-10-12 16:47:00","0.07704","0.07714","0.07704","0.07714","1454","11",1,"0"
"2024-10-12 16:49:00","0.07714","0.07714","0.07711","0.07711","3664","11",1,"0"
"2024-10-12 16:50:00","0.07711","0.07711","0.07705","0.07705","1329","11",1,"0"
"2024-10-12 16:51:00","0.07705","0.07705","0.07679","0.07679","8611","11",1,"0"
"2024-10-12 16:52:00","0.07679","0.07682","0.07679","0.07681","4000","11",1,"0"
"2024-10-12 16:53:00","0.07681","0.07691","0.07681","0.07691","4582","11",1,"0"
"2024-10-12 16:54:00","0.07691","0.07691","0.07685","0.07685","743","11",1,"0"
"2024-10-12 16:55:00","0.07685","0.07687","0.07685","0.07687","942","11",1,"0"
"2024-10-12 16:57:00","0.07687","0.07687","0.07687","0.07687","711","11",1,"0"
"2024-10-12 16:58:00","0.07687","0.07691","0.07687","0.07691","822","11",1,"0"
"2024-10-12 16:59:00","0.07691","0.07691","0.07681","0.07681","11383","11",1,"0"
"2024-10-12 17:00:00","0.07681","0.07681","0.07669","0.07676","4192","11",1,"0"
"2024-10-12 17:01:00","0.07676","0.07676","0.0767","0.0767","2190","11",1,"0"
"2024-10-12 17:02:00","0.0767","0.07681","0.0767","0.07673","3670","11",1,"0"
"2024-10-12 17:03:00","0.07673","0.07673","0.07666","0.07672","11028","11",1,"0"
"2024-10-12 17:04:00","0.07672","0.07674","0.07666","0.0767","5637","11",1,"0"
"2024-10-12 17:05:00","0.0767","0.07676","0.0767","0.07676","42","11",1,"0"
"2024-10-12 17:06:00","0.07676","0.07676","0.07674","0.07674","274","11",1,"0"
"2024-10-12 17:07:00","0.07674","0.07705","0.07674","0.07699","36463","11",1,"0"
"2024-10-12 17:08:00","0.07699","0.07707","0.07699","0.07707","16","11",1,"0"
"2024-10-12 17:09:00","0.07707","0.07707","0.07693","0.07696","2247","11",1,"0"
"2024-10-12 17:10:00","0.07696","0.07708","0.07696","0.07708","15953","11",1,"0"
"2024-10-12 17:11:00","0.07708","0.07713","0.07708","0.07713","1494","11",1,"0"
"2024-10-12 17:12:00","0.07713","0.07753","0.07713","0.07753","65526","11",1,"0"
"2024-10-12 17:13:00","0.07753","0.07808","0.07749","0.07772","114928","11",1,"0"
"2024-10-12 17:14:00","0.07772","0.07772","0.07731","0.07741","29138","11",1,"0"
"2024-10-12 17:15:00","0.07741","0.07741","0.07723","0.07723","1488","11",1,"0"
"2024-10-12 17:16:00","0.07723","0.07723","0.07722","0.07723","2496","11",1,"0"
"2024-10-12 17:17:00","0.07723","0.07728","0.07716","0.07728","3606","11",1,"0"
"2024-10-12 17:19:00","0.07728","0.07728","0.07716","0.07716","122","11",1,"0"
"2024-10-12 17:20:00","0.07716","0.07733","0.07716","0.07733","3367","11",1,"0"
"2024-10-12 17:24:00","0.07733","0.07733","0.07724","0.07724","3820","11",1,"0"
"2024-10-12 17:25:00","0.07724","0.0773","0.07724","0.0773","602","11",1,"0"
"2024-10-12 17:26:00","0.0773","0.0773","0.07725","0.07725","215","11",1,"0"
"2024-10-12 17:27:00","0.07725","0.07725","0.0771","0.0771","1479","11",1,"0"
"2024-10-12 17:28:00","0.0771","0.07733","0.0771","0.0771","5200","11",1,"0"
"2024-10-12 17:29:00","0.0771","0.07711","0.0771","0.07711","104","11",1,"0"
"2024-10-12 17:30:00","0.07711","0.07711","0.07678","0.07707","11491","11",1,"0"
"2024-10-12 17:31:00","0.07707","0.07707","0.07683","0.07699","4108","11",1,"0"
"2024-10-12 17:32:00","0.07699","0.07709","0.07676","0.07699","9323","11",1,"0"
"2024-10-12 17:33:00","0.07699","0.07699","0.07698","0.07699","2838","11",1,"0"
"2024-10-12 17:34:00","0.07699","0.07699","0.07686","0.07686","2943","11",1,"0"
"2024-10-12 17:35:00","0.07686","0.07701","0.07686","0.077","4547","11",1,"0"
"2024-10-12 17:37:00","0.077","0.07702","0.07689","0.07702","1270","11",1,"0"
"2024-10-12 17:38:00","0.07702","0.07702","0.07688","0.07688","2613","11",1,"0"
"2024-10-12 17:39:00","0.07688","0.077","0.07688","0.07688","1883","11",1,"0"
"2024-10-12 17:40:00","0.07688","0.07701","0.07688","0.07689","3030","11",1,"0"
"2024-10-12 17:41:00","0.07689","0.077","0.07689","0.077","842","11",1,"0"
"2024-10-12 17:42:00","0.077","0.07714","0.077","0.07714","12336","11",1,"0"
"2024-10-12 17:43:00","0.07714","0.07714","0.0769","0.0769","1295","11",1,"0"
"2024-10-12 17:44:00","0.0769","0.07692","0.07686","0.07686","14368","11",1,"0"
"2024-10-12 17:45:00","0.07686","0.07708","0.07686","0.07708","10615","11",1,"0"
"2024-10-12 17:47:00","0.07708","0.07708","0.07686","0.07686","3242","11",1,"0"
"2024-10-12 17:48:00","0.07686","0.0769","0.07686","0.07687","2315","11",1,"0"
"2024-10-12 17:51:00","0.07687","0.07687","0.07686","0.07686","641","11",1,"0"
"2024-10-12 17:52:00","0.07686","0.07698","0.07686","0.07686","3416","11",1,"0"
"2024-10-12 17:53:00","0.07686","0.07686","0.07686","0.07686","830","11",1,"0"
"2024-10-12 17:54:00","0.07686","0.07686","0.07686","0.07686","804","11",1,"0"
"2024-10-12 17:55:00","0.07686","0.07702","0.07686","0.07686","7620","11",1,"0"
"2024-10-12 17:56:00","0.07686","0.07687","0.07686","0.07686","3368","11",1,"0"
"2024-10-12 17:57:00","0.07686","0.07686","0.07686","0.07686","1632","11",1,"0"
"2024-10-12 17:58:00","0.07686","0.07687","0.07686","0.07686","1906","11",1,"0"
"2024-10-12 17:59:00","0.07686","0.07694","0.07686","0.07694","5090","11",1,"0"
"2024-10-12 18:00:00","0.07694","0.07694","0.07686","0.07687","2542","11",1,"0"
"2024-10-12 18:02:00","0.07687","0.07687","0.07673","0.07674","179911","11",1,"0"
"2024-10-12 18:03:00","0.07674","0.07676","0.07673","0.07673","15213","11",1,"0"
"2024-10-12 18:04:00","0.07673","0.07673","0.07672","0.07672","3528","11",1,"0"
"2024-10-12 18:05:00","0.07672","0.07675","0.07672","0.07672","1801","11",1,"0"
"2024-10-12 18:06:00","0.07672","0.07672","0.07671","0.07672","12597","11",1,"0"
"2024-10-12 18:07:00","0.07672","0.07672","0.07671","0.07671","1680","11",1,"0"
"2024-10-12 18:08:00","0.07671","0.07671","0.07666","0.07666","9334","11",1,"0"
"2024-10-12 18:09:00","0.07666","0.07666","0.07666","0.07666","210","11",1,"0"
"2024-10-12 18:10:00","0.07666","0.07667","0.07666","0.07667","1616","11",1,"0"
"2024-10-12 18:11:00","0.07667","0.07669","0.07666","0.07666","7895","11",1,"0"
"2024-10-12 18:13:00","0.07666","0.07666","0.07666","0.07666","646","11",1,"0"
"2024-10-12 18:14:00","0.07666","0.07667","0.07666","0.07666","1610","11",1,"0"
"2024-10-12 18:15:00","0.07666","0.07667","0.07666","0.07666","11799","11",1,"0"
"2024-10-12 18:16:00","0.07666","0.07667","0.07666","0.07667","323","11",1,"0"
"2024-10-12 18:17:00","0.07667","0.07667","0.07663","0.07663","886","11",1,"0"
"2024-10-12 18:18:00","0.07663","0.07664","0.07653","0.07655","28009","11",1,"0"
"2024-10-12 18:19:00","0.07655","0.07655","0.07648","0.07652","20822","11",1,"0"
"2024-10-12 18:20:00","0.07652","0.07667","0.07652","0.07664","9032","11",1,"0"
"2024-10-12 18:21:00","0.07664","0.07664","0.07655","0.07657","8941","11",1,"0"
"2024-10-12 18:22:00","0.07657","0.07661","0.07655","0.07656","5085","11",1,"0"
"2024-10-12 18:24:00","0.07656","0.07659","0.07656","0.07659","1000","11",1,"0"
"2024-10-12 18:25:00","0.07659","0.07659","0.07622","0.07627","78988","11",1,"0"
"2024-10-12 18:26:00","0.07627","0.07639","0.07622","0.07622","27657","11",1,"0"
"2024-10-12 18:27:00","0.07622","0.0763","0.07595","0.07613","254489","11",1,"0"
"2024-10-12 18:28:00","0.07613","0.07613","0.07609","0.07611","8330","11",1,"0"
"2024-10-12 18:29:00","0.07611","0.07611","0.07611","0.07611","1920","11",1,"0"
"2024-10-12 18:30:00","0.07611","0.07618","0.07609","0.07616","5812","11",1,"0"
"2024-10-12 18:31:00","0.07616","0.07626","0.07611","0.07612","19624","11",1,"0"
"2024-10-12 18:32:00","0.07612","0.07625","0.07612","0.07625","9076","11",1,"0"
"2024-10-12 18:33:00","0.07625","0.07625","0.07616","0.07617","3002","11",1,"0"
"2024-10-12 18:34:00","0.07617","0.07618","0.07616","0.07616","2697","11",1,"0"
"2024-10-12 18:35:00","0.07616","0.0762","0.07612","0.07612","3204","11",1,"0"
"2024-10-12 18:36:00","0.07612","0.07617","0.0761","0.0761","4557","11",1,"0"
"2024-10-12 18:37:00","0.0761","0.07615","0.0761","0.07611","3606","11",1,"0"
"2024-10-12 18:38:00","0.07611","0.07618","0.07611","0.07618","840","11",1,"0"
"2024-10-12 18:39:00","0.07618","0.0762","0.07613","0.07614","5443","11",1,"0"
"2024-10-12 18:40:00","0.07614","0.07614","0.07614","0.07614","164","11",1,"0"
"2024-10-12 18:41:00","0.07614","0.07615","0.07614","0.07615","1401","11",1,"0"
"2024-10-12 18:42:00","0.07615","0.07628","0.07615","0.0762","36862","11",1,"0"
"2024-10-12 18:43:00","0.0762","0.0762","0.07616","0.07616","164","11",1,"0"
"2024-10-12 18:45:00","0.07616","0.07617","0.0761","0.0761","9579","11",1,"0"
"2024-10-12 18:47:00","0.0761","0.07618","0.0761","0.07614","8518","11",1,"0"
"2024-10-12 18:48:00","0.07614","0.0762","0.07614","0.0762","3626","11",1,"0"
"2024-10-12 18:49:00","0.0762","0.0762","0.0761","0.0761","23220","11",1,"0"
"2024-10-12 18:50:00","0.0761","0.07617","0.0761","0.07612","9502","11",1,"0"
"2024-10-12 18:51:00","0.07612","0.07631","0.07612","0.07624","39859","11",1,"0"
"2024-10-12 18:52:00","0.07624","0.07656","0.07624","0.07651","39907","11",1,"0"
"2024-10-12 18:53:00","0.07651","0.07669","0.07631","0.07663","16326","11",1,"0"
"2024-10-12 18:54:00","0.07663","0.07664","0.07653","0.07663","5687","11",1,"0"
"2024-10-12 18:55:00","0.07663","0.07672","0.07655","0.07672","18915","11",1,"0"
"2024-10-12 18:56:00","0.07672","0.07687","0.07657","0.0767","19379","11",1,"0"
"2024-10-12 18:58:00","0.0767","0.07689","0.07663","0.07689","45571","11",1,"0"
"2024-10-12 18:59:00","0.07689","0.07692","0.07677","0.07686","30763","11",1,"0"
"2024-10-12 19:00:00","0.07686","0.07693","0.07674","0.07685","12250","11",1,"0"
"2024-10-12 19:01:00","0.07685","0.07693","0.07685","0.07693","1560","11",1,"0"
"2024-10-12 19:02:00","0.07693","0.07693","0.07682","0.07682","684","11",1,"0"
"2024-10-12 19:03:00","0.07682","0.07682","0.07682","0.07682","71","11",1,"0"
"2024-10-12 19:04:00","0.07682","0.07692","0.07682","0.0769","9253","11",1,"0"
"2024-10-12 19:05:00","0.0769","0.0769","0.07685","0.07685","5422","11",1,"0"
"2024-10-12 19:06:00","0.07685","0.07693","0.07683","0.07683","10910","11",1,"0"
"2024-10-12 19:07:00","0.07683","0.07687","0.07683","0.07687","2611","11",1,"0"
"2024-10-12 19:08:00","0.07687","0.07701","0.07687","0.07696","21734","11",1,"0"
"2024-10-12 19:09:00","0.07696","0.07713","0.07696","0.07712","10040","11",1,"0"
"2024-10-12 19:10:00","0.07712","0.07712","0.07693","0.07711","8220","11",1,"0"
"2024-10-12 19:11:00","0.07711","0.07711","0.07686","0.07686","241","11",1,"0"
"2024-10-12 19:13:00","0.07686","0.07706","0.07686","0.07706","2207","11",1,"0"
"2024-10-12 19:14:00","0.07706","0.07724","0.07706","0.07724","18887","11",1,"0"
"2024-10-12 19:15:00","0.07724","0.07724","0.0771","0.07718","3387","11",1,"0"
"2024-10-12 19:16:00","0.07718","0.07747","0.07718","0.07734","50601","11",1,"0"
"2024-10-12 19:17:00","0.07734","0.07736","0.07734","0.07736","381","11",1,"0"
"2024-10-12 19:18:00","0.07736","0.07737","0.07724","0.07732","3811","11",1,"0"
"2024-10-12 19:19:00","0.07732","0.07746","0.0772","0.0773","45229","11",1,"0"
"2024-10-12 19:20:00","0.0773","0.07789","0.0773","0.07769","287494","11",1,"0"
"2024-10-12 19:21:00","0.07769","0.07769","0.07749","0.07753","21779","11",1,"0"
"2024-10-12 19:22:00","0.07753","0.07755","0.07747","0.07755","5564","11",1,"0"
"2024-10-12 19:23:00","0.07755","0.07774","0.07755","0.07767","6731","11",1,"0"
"2024-10-12 19:24:00","0.07767","0.07771","0.07763","0.07768","9607","11",1,"0"
"2024-10-12 19:25:00","0.07768","0.07768","0.07757","0.0776","3526","11",1,"0"
"2024-10-12 19:26:00","0.0776","0.07765","0.0776","0.07765","4925","11",1,"0"
"2024-10-12 19:27:00","0.07765","0.07769","0.07753","0.07769","6440","11",1,"0"
"2024-10-12 19:28:00","0.07769","0.07777","0.07765","0.07773","30753","11",1,"0"
"2024-10-12 19:29:00","0.07773","0.07778","0.07767","0.07768","8924","11",1,"0"
"2024-10-12 19:30:00","0.07768","0.07768","0.07749","0.07752","7420","11",1,"0"
"2024-10-12 19:31:00","0.07752","0.07756","0.07752","0.07756","5110","11",1,"0"
"2024-10-12 19:32:00","0.07756","0.07756","0.07742","0.07742","1788","11",1,"0"
"2024-10-12 19:34:00","0.07742","0.07772","0.07742","0.07772","5451","11",1,"0"
"2024-10-12 19:35:00","0.07772","0.07772","0.07761","0.07762","2208","11",1,"0"
"2024-10-12 19:36:00","0.07762","0.07762","0.07755","0.07755","1863","11",1,"0"
"2024-10-12 19:37:00","0.07755","0.07755","0.07749","0.07749","4797","11",1,"0"
"2024-10-12 19:38:00","0.07749","0.07749","0.07741","0.07741","2207","11",1,"0"
"2024-10-12 19:40:00","0.07741","0.07741","0.0774","0.0774","1674","11",1,"0"
"2024-10-12 19:41:00","0.0774","0.07752","0.0774","0.07752","1657","11",1,"0"
"2024-10-12 19:45:00","0.07752","0.07752","0.07734","0.07742","17384","11",1,"0"
"2024-10-12 19:47:00","0.07742","0.07746","0.07742","0.07746","146","11",1,"0"
"2024-10-12 19:48:00","0.07746","0.07746","0.07728","0.07728","2809","11",1,"0"
"2024-10-12 19:49:00","0.07728","0.07739","0.07728","0.07735","3827","11",1,"0"
"2024-10-12 19:51:00","0.07735","0.07743","0.07733","0.07743","4951","11",1,"0"
"2024-10-12 19:53:00","0.07743","0.07743","0.07736","0.07736","13630","11",1,"0"
"2024-10-12 19:54:00","0.07736","0.07755","0.07736","0.07755","11914","11",1,"0"
"2024-10-12 19:55:00","0.07755","0.07755","0.07739","0.07746","4322","11",1,"0"
"2024-10-12 19:56:00","0.07746","0.07809","0.07744","0.07806","80567","11",1,"0"
"2024-10-12 19:57:00","0.07806","0.07809","0.07781","0.07792","15609","11",1,"0"
"2024-10-12 19:58:00","0.07792","0.07792","0.0778","0.0778","7419","11",1,"0"
"2024-10-12 20:00:00","0.0778","0.07791","0.0778","0.0778","6148","11",1,"0"
"2024-10-12 20:01:00","0.0778","0.07791","0.07776","0.07785","18397","11",1,"0"
"2024-10-12 20:02:00","0.07785","0.07791","0.07781","0.07788","5900","11",1,"0"
"2024-10-12 20:03:00","0.07788","0.07868","0.07781","0.07868","79708","11",1,"0"
"2024-10-12 20:04:00","0.07868","0.07868","0.07846","0.07852","56122","11",1,"0"
"2024-10-12 20:05:00","0.07852","0.07915","0.07852","0.07906","150464","11",1,"0"
"2024-10-12 20:06:00","0.07906","0.07906","0.07889","0.07889","5609","11",1,"0"
"2024-10-12 20:07:00","0.07889","0.07903","0.07889","0.07892","4874","11",1,"0"
"2024-10-12 20:08:00","0.07892","0.07905","0.07892","0.07905","4831","11",1,"0"
"2024-10-12 20:09:00","0.07905","0.07907","0.07892","0.07907","2045","11",1,"0"
"2024-10-12 20:10:00","0.07907","0.07914","0.07893","0.07914","162650","11",1,"0"
"2024-10-12 20:11:00","0.07914","0.07947","0.07908","0.07938","32872","11",1,"0"
"2024-10-12 20:12:00","0.07938","0.07953","0.07938","0.07948","3838","11",1,"0"
"2024-10-12 20:13:00","0.07948","0.07988","0.07947","0.07975","35350","11",1,"0"
"2024-10-12 20:14:00","0.07975","0.07977","0.07931","0.07931","54860","11",1,"0"
"2024-10-12 20:15:00","0.07931","0.07992","0.0793","0.07992","220324","11",1,"0"
"2024-10-12 20:16:00","0.07992","0.0811","0.07992","0.08042","516643","11",1,"0"
"2024-10-12 20:17:00","0.08042","0.08053","0.08014","0.08014","89395","11",1,"0"
"2024-10-12 20:18:00","0.08014","0.08022","0.08013","0.08021","10374","11",1,"0"
"2024-10-12 20:19:00","0.08021","0.08034","0.08016","0.08018","10296","11",1,"0"
"2024-10-12 20:20:00","0.08018","0.08033","0.08018","0.08033","1618","11",1,"0"
"2024-10-12 20:21:00","0.08033","0.08033","0.07978","0.07978","21878","11",1,"0"
"2024-10-12 20:22:00","0.07978","0.07979","0.07969","0.07969","5633","11",1,"0"
"2024-10-12 20:24:00","0.07969","0.07982","0.07969","0.07981","5875","11",1,"0"
"2024-10-12 20:25:00","0.07981","0.08012","0.07981","0.08012","6695","11",1,"0"
"2024-10-12 20:26:00","0.08012","0.08033","0.08012","0.08014","30344","11",1,"0"
"2024-10-12 20:28:00","0.08014","0.08031","0.08013","0.08013","2132","11",1,"0"
"2024-10-12 20:30:00","0.08013","0.08021","0.08013","0.08021","5000","11",1,"0"
"2024-10-12 20:31:00","0.08021","0.08021","0.08008","0.08009","9669","11",1,"0"
"2024-10-12 20:33:00","0.08009","0.08009","0.07972","0.07981","16930","11",1,"0"
"2024-10-12 20:34:00","0.07981","0.07983","0.07981","0.07983","16","11",1,"0"
"2024-10-12 20:35:00","0.07983","0.07983","0.07975","0.07977","2018","11",1,"0"
"2024-10-12 20:37:00","0.07977","0.07977","0.07977","0.07977","926","11",1,"0"
"2024-10-12 20:38:00","0.07977","0.08011","0.07977","0.07992","36116","11",1,"0"
"2024-10-12 20:39:00","0.07992","0.07992","0.07955","0.07955","5838","11",1,"0"
"2024-10-12 20:40:00","0.07955","0.07956","0.07941","0.07956","18646","11",1,"0"
"2024-10-12 20:41:00","0.07956","0.07962","0.07934","0.07962","16433","11",1,"0"
"2024-10-12 20:42:00","0.07962","0.07982","0.07962","0.07972","2683","11",1,"0"
"2024-10-12 20:44:00","0.07972","0.0798","0.07967","0.07967","2102","11",1,"0"
"2024-10-12 20:45:00","0.07967","0.07983","0.07967","0.07983","4574","11",1,"0"
"2024-10-12 20:46:00","0.07983","0.07983","0.07973","0.07973","393","11",1,"0"
"2024-10-12 20:47:00","0.07973","0.0798","0.07962","0.0798","6240","11",1,"0"
"2024-10-12 20:48:00","0.0798","0.07992","0.0798","0.0799","14189","11",1,"0"
"2024-10-12 20:49:00","0.0799","0.07991","0.07973","0.07973","60776","11",1,"0"
"2024-10-12 20:51:00","0.07973","0.07973","0.07957","0.07957","7885","11",1,"0"
"2024-10-12 20:53:00","0.07957","0.07957","0.07936","0.07937","17259","11",1,"0"
"2024-10-12 20:54:00","0.07937","0.07959","0.07937","0.07958","7851","11",1,"0"
"2024-10-12 20:59:00","0.07958","0.07974","0.07958","0.07974","3191","11",1,"0"
"2024-10-12 21:00:00","0.07974","0.07978","0.07974","0.07977","692","11",1,"0"
"2024-10-12 21:01:00","0.07977","0.07977","0.07949","0.07961","1290","11",1,"0"
"2024-10-12 21:02:00","0.07961","0.07961","0.07937","0.07942","23480","11",1,"0"
"2024-10-12 21:03:00","0.07942","0.07942","0.07933","0.07934","1192","11",1,"0"
"2024-10-12 21:04:00","0.07934","0.07934","0.0784","0.07901","640894","11",1,"0"
"2024-10-12 21:05:00","0.07901","0.07912","0.07897","0.07902","15207","11",1,"0"
"2024-10-12 21:06:00","0.07902","0.07909","0.07901","0.07909","1876","11",1,"0"
"2024-10-12 21:07:00","0.07909","0.07933","0.07908","0.07908","16594","11",1,"0"
"2024-10-12 21:08:00","0.07908","0.07914","0.07908","0.07911","4601","11",1,"0"
"2024-10-12 21:09:00","0.07911","0.07911","0.07894","0.079","2756","11",1,"0"
"2024-10-12 21:10:00","0.079","0.07906","0.079","0.07905","2927","11",1,"0"
"2024-10-12 21:11:00","0.07905","0.07905","0.07867","0.07881","16784","11",1,"0"
"2024-10-12 21:12:00","0.07881","0.07886","0.0788","0.0788","1628","11",1,"0"
"2024-10-12 21:13:00","0.0788","0.0788","0.07876","0.07876","5211","11",1,"0"
"2024-10-12 21:14:00","0.07876","0.07876","0.07848","0.07849","22940","11",1,"0"
"2024-10-12 21:15:00","0.07849","0.07865","0.07838","0.07838","35702","11",1,"0"
"2024-10-12 21:16:00","0.07838","0.07842","0.07836","0.07836","3628","11",1,"0"
"2024-10-12 21:17:00","0.07836","0.07842","0.07824","0.07842","22648","11",1,"0"
"2024-10-12 21:18:00","0.07842","0.07842","0.07811","0.07811","17405","11",1,"0"
"2024-10-12 21:19:00","0.07811","0.07818","0.07793","0.07803","23575","11",1,"0"
"2024-10-12 21:20:00","0.07803","0.07803","0.07778","0.07783","35335","11",1,"0"
"2024-10-12 21:21:00","0.07783","0.07801","0.07783","0.07801","546","11",1,"0"
"2024-10-12 21:22:00","0.07801","0.07801","0.07783","0.07783","140","11",1,"0"
"2024-10-12 21:23:00","0.07783","0.07818","0.07783","0.07818","21598","11",1,"0"
"2024-10-12 21:25:00","0.07818","0.07818","0.07812","0.07812","404","11",1,"0"
"2024-10-12 21:26:00","0.07812","0.07812","0.07802","0.07802","154","11",1,"0"
"2024-10-12 21:27:00","0.07802","0.07819","0.07802","0.07819","12729","11",1,"0"
"2024-10-12 21:28:00","0.07819","0.07824","0.07802","0.07802","4967","11",1,"0"
"2024-10-12 21:29:00","0.07802","0.07802","0.07784","0.07798","19133","11",1,"0"
"2024-10-12 21:30:00","0.07798","0.078","0.07789","0.07793","13611","11",1,"0"
"2024-10-12 21:32:00","0.07793","0.07803","0.07793","0.07801","5184","11",1,"0"
"2024-10-12 21:33:00","0.07801","0.07806","0.07801","0.07802","2642","11",1,"0"
"2024-10-12 21:34:00","0.07802","0.07812","0.07802","0.07811","5890","11",1,"0"
"2024-10-12 21:35:00","0.07811","0.07812","0.0781","0.0781","2728","11",1,"0"
"2024-10-12 21:37:00","0.0781","0.07832","0.0781","0.07829","9812","11",1,"0"
"2024-10-12 21:38:00","0.07829","0.07833","0.07829","0.0783","2233","11",1,"0"
"2024-10-12 21:40:00","0.0783","0.07841","0.0783","0.07837","4389","11",1,"0"
"2024-10-12 21:41:00","0.07837","0.07842","0.0783","0.0783","2442","11",1,"0"
"2024-10-12 21:42:00","0.0783","0.07847","0.0783","0.07843","2634","11",1,"0"
"2024-10-12 21:43:00","0.07843","0.07843","0.07843","0.07843","319","11",1,"0"
"2024-10-12 21:44:00","0.07843","0.07843","0.07841","0.07841","850","11",1,"0"
"2024-10-12 21:45:00","0.07841","0.07843","0.07828","0.07828","5174","11",1,"0"
"2024-10-12 21:46:00","0.07828","0.07829","0.07828","0.07829","1925","11",1,"0"
"2024-10-12 21:47:00","0.07829","0.07831","0.07826","0.07831","2724","11",1,"0"
"2024-10-12 21:48:00","0.07831","0.07831","0.07829","0.07829","3738","11",1,"0"
"2024-10-12 21:49:00","0.07829","0.07829","0.07825","0.07829","2573","11",1,"0"
"2024-10-12 21:50:00","0.07829","0.07844","0.07829","0.07843","6909","11",1,"0"
"2024-10-12 21:51:00","0.07843","0.07844","0.07832","0.07832","7638","11",1,"0"
"2024-10-12 21:52:00","0.07832","0.07837","0.07828","0.07828","2796","11",1,"0"
"2024-10-12 21:53:00","0.07828","0.07832","0.07828","0.07832","3209","11",1,"0"
"2024-10-12 21:54:00","0.07832","0.07834","0.07832","0.07834","525","11",1,"0"
"2024-10-12 21:58:00","0.07834","0.07836","0.07834","0.07836","280","11",1,"0"
"2024-10-12 21:59:00","0.07836","0.07848","0.07836","0.07846","22402","11",1,"0"
"2024-10-12 22:00:00","0.07846","0.07856","0.07846","0.07856","2938","11",1,"0"
"2024-10-12 22:01:00","0.07856","0.07857","0.07856","0.07857","3061","11",1,"0"
"2024-10-12 22:03:00","0.07857","0.07857","0.07848","0.07848","1877","11",1,"0"
"2024-10-12 22:05:00","0.07848","0.07862","0.07848","0.07861","2836","11",1,"0"
"2024-10-12 22:06:00","0.07861","0.07861","0.07859","0.07859","112","11",1,"0"
"2024-10-12 22:10:00","0.07859","0.07859","0.07836","0.07836","27475","11",1,"0"
"2024-10-12 22:11:00","0.07836","0.07836","0.07819","0.07832","46650","11",1,"0"
"2024-10-12 22:12:00","0.07832","0.07858","0.07828","0.07836","20667","11",1,"0"
"2024-10-12 22:13:00","0.07836","0.07847","0.07836","0.07847","1796","11",1,"0"
"2024-10-12 22:14:00","0.07847","0.07847","0.07843","0.07843","647","11",1,"0"
"2024-10-12 22:16:00","0.07843","0.07857","0.07839","0.07857","9238","11",1,"0"
"2024-10-12 22:17:00","0.07857","0.07857","0.07849","0.07849","650","11",1,"0"
"2024-10-12 22:18:00","0.07849","0.07856","0.07847","0.07856","2137","11",1,"0"
"2024-10-12 22:23:00","0.07856","0.07856","0.07827","0.0784","36677","11",1,"0"
"2024-10-12 22:25:00","0.0784","0.07849","0.07839","0.07849","886","11",1,"0"
"2024-10-12 22:30:00","0.07849","0.07849","0.07845","0.07847","360","11",1,"0"
"2024-10-12 22:32:00","0.07847","0.07859","0.07847","0.07855","22969","11",1,"0"
"2024-10-12 22:33:00","0.07855","0.0786","0.07855","0.0786","1297","11",1,"0"
"2024-10-12 22:34:00","0.0786","0.07867","0.0786","0.07867","12722","11",1,"0"
"2024-10-12 22:35:00","0.07867","0.07869","0.07867","0.07868","2616","11",1,"0"
"2024-10-12 22:36:00","0.07868","0.0788","0.07868","0.07873","3686","11",1,"0"
"2024-10-12 22:37:00","0.07873","0.0788","0.07873","0.0788","35","11",1,"0"
"2024-10-12 22:38:00","0.0788","0.07881","0.07875","0.07875","326","11",1,"0"
"2024-10-12 22:39:00","0.07875","0.07881","0.07875","0.07878","932","11",1,"0"
"2024-10-12 22:40:00","0.07878","0.0789","0.07878","0.0789","4757","11",1,"0"
"2024-10-12 22:42:00","0.0789","0.07907","0.07883","0.07902","27615","11",1,"0"
"2024-10-12 22:43:00","0.07902","0.07902","0.07895","0.07895","380","11",1,"0"
"2024-10-12 22:46:00","0.07895","0.07899","0.07895","0.07899","362","11",1,"0"
"2024-10-12 22:47:00","0.07899","0.07905","0.07899","0.07902","1146","11",1,"0"
"2024-10-12 22:49:00","0.07902","0.07902","0.07894","0.07898","1333","11",1,"0"
"2024-10-12 22:50:00","0.07898","0.07898","0.07891","0.07891","296","11",1,"0"
"2024-10-12 22:52:00","0.07891","0.07895","0.07891","0.07895","614","11",1,"0"
"2024-10-12 22:53:00","0.07895","0.07907","0.07895","0.07907","3085","11",1,"0"
"2024-10-12 22:54:00","0.07907","0.07913","0.07878","0.07879","91134","11",1,"0"
"2024-10-12 22:55:00","0.07879","0.07879","0.07858","0.07858","5255","11",1,"0"
"2024-10-12 22:56:00","0.07858","0.07867","0.07853","0.07865","9940","11",1,"0"
"2024-10-12 22:58:00","0.07865","0.07882","0.07864","0.07882","12218","11",1,"0"
"2024-10-12 23:00:00","0.07882","0.07896","0.07881","0.07896","897","11",1,"0"
"2024-10-12 23:01:00","0.07896","0.07899","0.07896","0.07899","825","11",1,"0"
"2024-10-12 23:02:00","0.07899","0.07899","0.07897","0.07899","774","11",1,"0"
"2024-10-12 23:03:00","0.07899","0.07919","0.07899","0.0791","30870","11",1,"0"
"2024-10-12 23:04:00","0.0791","0.0791","0.0791","0.0791","148","11",1,"0"
"2024-10-12 23:05:00","0.0791","0.07919","0.07903","0.07903","1223","11",1,"0"
"2024-10-12 23:06:00","0.07903","0.07918","0.07903","0.07915","198","11",1,"0"
"2024-10-12 23:07:00","0.07915","0.07915","0.07892","0.07893","2064","11",1,"0"
"2024-10-12 23:09:00","0.07893","0.07916","0.07893","0.07916","11606","11",1,"0"
"2024-10-12 23:10:00","0.07916","0.07916","0.07907","0.07913","2912","11",1,"0"
"2024-10-12 23:11:00","0.07913","0.07913","0.07907","0.07907","1844","11",1,"0"
"2024-10-12 23:12:00","0.07907","0.0792","0.07907","0.07909","2790","11",1,"0"
"2024-10-12 23:13:00","0.07909","0.07917","0.07905","0.07908","2270","11",1,"0"
"2024-10-12 23:14:00","0.07908","0.07911","0.07908","0.07911","3944","11",1,"0"
"2024-10-12 23:15:00","0.07911","0.07911","0.07901","0.07903","2221","11",1,"0"
"2024-10-12 23:16:00","0.07903","0.07918","0.07903","0.07918","3079","11",1,"0"
"2024-10-12 23:17:00","0.07918","0.07921","0.07903","0.07904","36567","11",1,"0"
"2024-10-12 23:18:00","0.07904","0.07922","0.07904","0.07922","316","11",1,"0"
"2024-10-12 23:19:00","0.07922","0.07922","0.07886","0.07893","49896","11",1,"0"
"2024-10-12 23:20:00","0.07893","0.07902","0.07893","0.07902","8009","11",1,"0"
"2024-10-12 23:22:00","0.07902","0.07902","0.07889","0.07894","28409","11",1,"0"
"2024-10-12 23:23:00","0.07894","0.07894","0.07888","0.07888","1591","11",1,"0"
"2024-10-12 23:24:00","0.07888","0.07895","0.07888","0.07895","165","11",1,"0"
"2024-10-12 23:25:00","0.07895","0.07897","0.07895","0.07897","4752","11",1,"0"
"2024-10-12 23:26:00","0.07897","0.07897","0.07892","0.07892","2026","11",1,"0"
"2024-10-12 23:27:00","0.07892","0.07892","0.07883","0.07883","16590","11",1,"0"
"2024-10-12 23:28:00","0.07883","0.0789","0.07883","0.0789","1031","11",1,"0"
"2024-10-12 23:29:00","0.0789","0.07911","0.0789","0.07906","15819","11",1,"0"
"2024-10-12 23:30:00","0.07906","0.07906","0.07896","0.07897","5916","11",1,"0"
"2024-10-12 23:31:00","0.07897","0.07897","0.07897","0.07897","78","11",1,"0"
"2024-10-12 23:32:00","0.07897","0.07897","0.07894","0.07894","179","11",1,"0"
"2024-10-12 23:33:00","0.07894","0.07898","0.07894","0.07897","6975","11",1,"0"
"2024-10-12 23:34:00","0.07897","0.07897","0.07886","0.07889","13585","11",1,"0"
"2024-10-12 23:35:00","0.07889","0.07893","0.07889","0.07893","1939","11",1,"0"
"2024-10-12 23:36:00","0.07893","0.07893","0.07883","0.07887","15070","11",1,"0"
"2024-10-12 23:37:00","0.07887","0.07887","0.07873","0.07877","22977","11",1,"0"
"2024-10-12 23:38:00","0.07877","0.07886","0.07874","0.07877","4589","11",1,"0"
"2024-10-12 23:39:00","0.07877","0.07877","0.07877","0.07877","1125","11",1,"0"
"2024-10-12 23:40:00","0.07877","0.07882","0.07877","0.07882","76","11",1,"0"
"2024-10-12 23:41:00","0.07882","0.07882","0.07882","0.07882","881","11",1,"0"
"2024-10-12 23:42:00","0.07882","0.07882","0.07882","0.07882","870","11",1,"0"
"2024-10-12 23:48:00","0.07882","0.07882","0.07876","0.07877","15237","11",1,"0"
"2024-10-12 23:49:00","0.07877","0.07882","0.07872","0.07872","68048","11",1,"0"
"2024-10-12 23:52:00","0.07872","0.07872","0.07866","0.07866","3874","11",1,"0"
"2024-10-12 23:53:00","0.07866","0.07866","0.07861","0.07861","9526","11",1,"0"
"2024-10-13 00:00:00","0.07861","0.07861","0.07852","0.07854","17961","11",1,"0"
"2024-10-13 00:01:00","0.07854","0.07862","0.07854","0.07862","15207","11",1,"0"
"2024-10-13 00:02:00","0.07862","0.07867","0.07861","0.07865","8699","11",1,"0"
"2024-10-13 00:03:00","0.07865","0.07868","0.07865","0.07868","1","11",1,"0"
"2024-10-13 00:04:00","0.07868","0.07868","0.07866","0.07866","427","11",1,"0"
"2024-10-13 00:05:00","0.07866","0.07866","0.07865","0.07865","221","11",1,"0"
"2024-10-13 00:06:00","0.07865","0.07871","0.07865","0.07871","618","11",1,"0"
"2024-10-13 00:11:00","0.07871","0.07872","0.07871","0.07872","80","11",1,"0"
"2024-10-13 00:13:00","0.07872","0.07877","0.07872","0.07877","1650","11",1,"0"
"2024-10-13 00:14:00","0.07877","0.07877","0.07873","0.07873","3799","11",1,"0"
"2024-10-13 00:16:00","0.07873","0.07882","0.07863","0.07881","19018","11",1,"0"
"2024-10-13 00:17:00","0.07881","0.07881","0.07879","0.07879","705","11",1,"0"
"2024-10-13 00:18:00","0.07879","0.07884","0.07879","0.07884","1074","11",1,"0"
"2024-10-13 00:21:00","0.07884","0.07885","0.07884","0.07885","266","11",1,"0"
"2024-10-13 00:23:00","0.07885","0.07885","0.07884","0.07884","241","11",1,"0"
"2024-10-13 00:26:00","0.07884","0.07911","0.07884","0.0791","33916","11",1,"0"
"2024-10-13 00:27:00","0.0791","0.0791","0.07906","0.07908","10566","11",1,"0"
"2024-10-13 00:28:00","0.07908","0.07908","0.07902","0.07902","662","11",1,"0"
"2024-10-13 00:29:00","0.07902","0.07907","0.07902","0.07902","2541","11",1,"0"
"2024-10-13 00:30:00","0.07902","0.07902","0.07896","0.07896","85","11",1,"0"
"2024-10-13 00:35:00","0.07896","0.07904","0.07896","0.07904","191","11",1,"0"
"2024-10-13 00:37:00","0.07904","0.07904","0.07894","0.07894","2225","11",1,"0"
"2024-10-13 00:43:00","0.07894","0.07896","0.07892","0.07893","21047","11",1,"0"
"2024-10-13 00:45:00","0.07893","0.07899","0.07893","0.07899","466","11",1,"0"
"2024-10-13 00:46:00","0.07899","0.07904","0.07896","0.07904","10000","11",1,"0"
"2024-10-13 00:49:00","0.07904","0.07904","0.07902","0.07904","5060","11",1,"0"
"2024-10-13 00:51:00","0.07904","0.07912","0.07904","0.0791","20359","11",1,"0"
"2024-10-13 00:52:00","0.0791","0.07911","0.07905","0.07905","333","11",1,"0"
"2024-10-13 00:54:00","0.07905","0.0791","0.07903","0.07903","800","11",1,"0"
"2024-10-13 00:55:00","0.07903","0.07904","0.07879","0.07879","89129","11",1,"0"
"2024-10-13 00:57:00","0.07879","0.07888","0.07879","0.07883","9026","11",1,"0"
"2024-10-13 01:00:00","0.07883","0.07883","0.0788","0.0788","87","11",1,"0"
"2024-10-13 01:04:00","0.0788","0.07884","0.0788","0.07884","1989","11",1,"0"
"2024-10-13 01:06:00","0.07884","0.07898","0.07884","0.07898","491","11",1,"0"
"2024-10-13 01:07:00","0.07898","0.0791","0.07898","0.07908","11505","11",1,"0"
"2024-10-13 01:08:00","0.07908","0.07908","0.07906","0.07906","250","11",1,"0"
"2024-10-13 01:10:00","0.07906","0.07912","0.07906","0.07911","2384","11",1,"0"
"2024-10-13 01:12:00","0.07911","0.07912","0.0791","0.07912","316","11",1,"0"
"2024-10-13 01:13:00","0.07912","0.07922","0.07912","0.0792","20049","11",1,"0"
"2024-10-13 01:15:00","0.0792","0.07924","0.0792","0.07924","1138","11",1,"0"
"2024-10-13 01:16:00","0.07924","0.07925","0.07924","0.07925","17","11",1,"0"
"2024-10-13 01:18:00","0.07925","0.07936","0.07925","0.07934","4263","11",1,"0"
"2024-10-13 01:19:00","0.07934","0.07951","0.07934","0.07934","29726","11",1,"0"
"2024-10-13 01:22:00","0.07934","0.07944","0.07934","0.07944","817","11",1,"0"
"2024-10-13 01:23:00","0.07944","0.07944","0.07931","0.07936","23904","11",1,"0"
"2024-10-13 01:25:00","0.07936","0.07947","0.07936","0.07947","943","11",1,"0"
"2024-10-13 01:26:00","0.07947","0.07947","0.07945","0.07945","1908","11",1,"0"
"2024-10-13 01:27:00","0.07945","0.07956","0.07945","0.07956","6359","11",1,"0"
"2024-10-13 01:30:00","0.07956","0.07958","0.07956","0.07958","128","11",1,"0"
"2024-10-13 01:31:00","0.07958","0.0796","0.07958","0.07958","1713","11",1,"0"
"2024-10-13 01:32:00","0.07958","0.07958","0.07956","0.07956","187","11",1,"0"
"2024-10-13 01:35:00","0.07956","0.07957","0.07944","0.07944","24566","11",1,"0"
"2024-10-13 01:36:00","0.07944","0.07944","0.07934","0.07938","12503","11",1,"0"
"2024-10-13 01:40:00","0.07938","0.07938","0.07891","0.07897","36367","11",1,"0"
"2024-10-13 01:41:00","0.07897","0.07898","0.07897","0.07898","1660","11",1,"0"
"2024-10-13 01:42:00","0.07898","0.07909","0.07898","0.07909","11582","11",1,"0"
"2024-10-13 01:45:00","0.07909","0.07909","0.0789","0.0789","1644","11",1,"0"
"2024-10-13 01:46:00","0.0789","0.0789","0.0788","0.0788","104","11",1,"0"
"2024-10-13 01:48:00","0.0788","0.07883","0.0788","0.07883","130","11",1,"0"
"2024-10-13 01:49:00","0.07883","0.07887","0.07883","0.07884","2792","11",1,"0"
"2024-10-13 01:52:00","0.07884","0.07888","0.07884","0.07888","2268","11",1,"0"
"2024-10-13 01:54:00","0.07888","0.0789","0.07863","0.0787","72846","11",1,"0"
"2024-10-13 02:00:00","0.0787","0.07883","0.07866","0.07883","10491","11",1,"0"
"2024-10-13 02:01:00","0.07883","0.07883","0.0787","0.07876","8767","11",1,"0"
"2024-10-13 02:03:00","0.07876","0.07876","0.07859","0.07864","6718","11",1,"0"
"2024-10-13 02:05:00","0.07864","0.07864","0.07864","0.07864","109","11",1,"0"
"2024-10-13 02:07:00","0.07864","0.07869","0.07854","0.0786","68499","11",1,"0"
"2024-10-13 02:08:00","0.0786","0.0786","0.0785","0.0785","6183","11",1,"0"
"2024-10-13 02:09:00","0.0785","0.0785","0.0785","0.0785","1473","11",1,"0"
"2024-10-13 02:10:00","0.0785","0.07851","0.07846","0.07846","3180","11",1,"0"
"2024-10-13 02:11:00","0.07846","0.07853","0.07846","0.07853","1862","11",1,"0"
"2024-10-13 02:12:00","0.07853","0.07853","0.07847","0.07847","377","11",1,"0"
"2024-10-13 02:14:00","0.07847","0.07847","0.07845","0.07846","11506","11",1,"0"
"2024-10-13 02:15:00","0.07846","0.07855","0.07846","0.07855","2659","11",1,"0"
"2024-10-13 02:16:00","0.07855","0.07868","0.07855","0.07868","1856","11",1,"0"
"2024-10-13 02:19:00","0.07868","0.07868","0.0786","0.0786","2541","11",1,"0"
"2024-10-13 02:21:00","0.0786","0.0786","0.07856","0.07857","2347","11",1,"0"
"2024-10-13 02:22:00","0.07857","0.07857","0.0785","0.07852","2309","11",1,"0"
"2024-10-13 02:23:00","0.07852","0.07852","0.07851","0.07851","1991","11",1,"0"
"2024-10-13 02:24:00","0.07851","0.07851","0.0785","0.0785","3856","11",1,"0"
"2024-10-13 02:28:00","0.0785","0.07851","0.0785","0.07851","177","11",1,"0"
"2024-10-13 02:32:00","0.07851","0.07858","0.07851","0.07858","132","11",1,"0"
"2024-10-13 02:33:00","0.07858","0.07858","0.07854","0.07854","131","11",1,"0"
"2024-10-13 02:34:00","0.07854","0.07865","0.07854","0.07865","7774","11",1,"0"
"2024-10-13 02:35:00","0.07865","0.0787","0.07865","0.0787","9156","11",1,"0"
"2024-10-13 02:37:00","0.0787","0.07875","0.0787","0.07875","1538","11",1,"0"
"2024-10-13 02:39:00","0.07875","0.07876","0.07875","0.07876","665","11",1,"0"
"2024-10-13 02:41:00","0.07876","0.07903","0.07876","0.079","73157","11",1,"0"
"2024-10-13 02:42:00","0.079","0.07942","0.079","0.07938","7880","11",1,"0"
"2024-10-13 02:43:00","0.07938","0.07951","0.07938","0.07946","8530","11",1,"0"
"2024-10-13 02:44:00","0.07946","0.07946","0.07945","0.07945","190","11",1,"0"
"2024-10-13 02:45:00","0.07945","0.07953","0.0794","0.0794","62757","11",1,"0"
"2024-10-13 02:46:00","0.0794","0.07944","0.07938","0.07944","4891","11",1,"0"
"2024-10-13 02:47:00","0.07944","0.07944","0.07931","0.07931","8875","11",1,"0"
"2024-10-13 02:49:00","0.07931","0.07931","0.07931","0.07931","2126","11",1,"0"
"2024-10-13 02:50:00","0.07931","0.07938","0.07931","0.07938","217","11",1,"0"
"2024-10-13 02:53:00","0.07938","0.07938","0.07922","0.07922","2121","11",1,"0"
"2024-10-13 02:55:00","0.07922","0.07923","0.07922","0.07923","19435","11",1,"0"
"2024-10-13 02:57:00","0.07923","0.07923","0.07905","0.07905","4533","11",1,"0"
"2024-10-13 02:58:00","0.07905","0.07905","0.07897","0.07897","3056","11",1,"0"
"2024-10-13 03:00:00","0.07897","0.07906","0.07897","0.07899","5110","11",1,"0"
"2024-10-13 03:02:00","0.07899","0.07907","0.07899","0.07907","135","11",1,"0"
"2024-10-13 03:05:00","0.07907","0.07913","0.07888","0.07888","343","11",1,"0"
"2024-10-13 03:07:00","0.07888","0.07888","0.07887","0.07887","2254","11",1,"0"
"2024-10-13 03:08:00","0.07887","0.07887","0.07864","0.07872","19910","11",1,"0"
"2024-10-13 03:10:00","0.07872","0.07874","0.07872","0.07874","68","11",1,"0"
"2024-10-13 03:11:00","0.07874","0.07884","0.07874","0.07884","164","11",1,"0"
"2024-10-13 03:16:00","0.07884","0.07887","0.07884","0.07887","3437","11",1,"0"
"2024-10-13 03:18:00","0.07887","0.07887","0.0787","0.07871","14588","11",1,"0"
"2024-10-13 03:19:00","0.07871","0.07906","0.07871","0.079","44932","11",1,"0"
"2024-10-13 03:20:00","0.079","0.07917","0.07897","0.07917","17271","11",1,"0"
"2024-10-13 03:21:00","0.07917","0.07917","0.07909","0.07909","3821","11",1,"0"
"2024-10-13 03:22:00","0.07909","0.07909","0.07899","0.07903","6237","11",1,"0"
"2024-10-13 03:23:00","0.07903","0.07903","0.07879","0.07882","6426","11",1,"0"
"2024-10-13 03:24:00","0.07882","0.07903","0.07882","0.07896","1586","11",1,"0"
"2024-10-13 03:25:00","0.07896","0.07898","0.07896","0.07898","191","11",1,"0"
"2024-10-13 03:26:00","0.07898","0.07902","0.07895","0.07902","2491","11",1,"0"
"2024-10-13 03:27:00","0.07902","0.07912","0.07902","0.07912","1107","11",1,"0"
"2024-10-13 03:28:00","0.07912","0.07912","0.07909","0.07909","1824","11",1,"0"
"2024-10-13 03:30:00","0.07909","0.07925","0.07909","0.07922","9086","11",1,"0"
"2024-10-13 03:31:00","0.07922","0.07922","0.07919","0.07919","604","11",1,"0"
"2024-10-13 03:33:00","0.07919","0.07939","0.07919","0.07939","4326","11",1,"0"
"2024-10-13 03:34:00","0.07939","0.07939","0.07936","0.07938","2113","11",1,"0"
"2024-10-13 03:36:00","0.07938","0.07938","0.07937","0.07937","3676","11",1,"0"
"2024-10-13 03:37:00","0.07937","0.0794","0.07937","0.0794","128","11",1,"0"
"2024-10-13 03:39:00","0.0794","0.07949","0.0794","0.07945","6375","11",1,"0"
"2024-10-13 03:43:00","0.07945","0.0795","0.07945","0.0795","543","11",1,"0"
"2024-10-13 03:47:00","0.0795","0.07951","0.07937","0.07937","15909","11",1,"0"
"2024-10-13 03:50:00","0.07937","0.07937","0.07936","0.07936","3446","11",1,"0"
"2024-10-13 03:51:00","0.07936","0.07936","0.07936","0.07936","124","11",1,"0"
"2024-10-13 03:53:00","0.07936","0.07948","0.07936","0.07948","8611","11",1,"0"
"2024-10-13 03:54:00","0.07948","0.07953","0.07948","0.07952","217","11",1,"0"
"2024-10-13 03:55:00","0.07952","0.0796","0.07952","0.0796","7408","11",1,"0"
"2024-10-13 03:59:00","0.0796","0.07971","0.0796","0.07971","2113","11",1,"0"
"2024-10-13 04:00:00","0.07971","0.07986","0.0796","0.07963","69313","11",1,"0"
"2024-10-13 04:01:00","0.07963","0.07972","0.07963","0.0797","778","11",1,"0"
"2024-10-13 04:02:00","0.0797","0.0797","0.07957","0.07959","8753","11",1,"0"
"2024-10-13 04:03:00","0.07959","0.07959","0.07959","0.07959","2","11",1,"0"
"2024-10-13 04:04:00","0.07959","0.07959","0.07942","0.07947","15140","11",1,"0"
"2024-10-13 04:05:00","0.07947","0.07957","0.07947","0.07951","9984","11",1,"0"
"2024-10-13 04:06:00","0.07951","0.07962","0.07947","0.07948","8058","11",1,"0"
"2024-10-13 04:07:00","0.07948","0.07957","0.07948","0.07954","3822","11",1,"0"
"2024-10-13 04:09:00","0.07954","0.07967","0.07948","0.07962","78689","11",1,"0"
"2024-10-13 04:10:00","0.07962","0.07967","0.07954","0.07957","12364","11",1,"0"
"2024-10-13 04:11:00","0.07957","0.07961","0.07957","0.07959","282","11",1,"0"
"2024-10-13 04:14:00","0.07959","0.07967","0.07959","0.0796","25295","11",1,"0"
"2024-10-13 04:17:00","0.0796","0.08005","0.0796","0.08004","57539","11",1,"0"
"2024-10-13 04:18:00","0.08004","0.08016","0.08004","0.08016","31142","11",1,"0"
"2024-10-13 04:19:00","0.08016","0.08016","0.08003","0.08003","1812","11",1,"0"
"2024-10-13 04:20:00","0.08003","0.08003","0.07993","0.07993","2529","11",1,"0"
"2024-10-13 04:21:00","0.07993","0.08014","0.07993","0.08014","2409","11",1,"0"
"2024-10-13 04:22:00","0.08014","0.08018","0.07994","0.07999","30884","11",1,"0"
"2024-10-13 04:23:00","0.07999","0.07999","0.07994","0.07994","108","11",1,"0"
"2024-10-13 04:24:00","0.07994","0.08002","0.07994","0.08001","1936","11",1,"0"
"2024-10-13 04:26:00","0.08001","0.08001","0.07994","0.07994","1212","11",1,"0"
"2024-10-13 04:29:00","0.07994","0.08008","0.07994","0.08006","17287","11",1,"0"
"2024-10-13 04:30:00","0.08006","0.08011","0.07998","0.08011","14830","11",1,"0"
"2024-10-13 04:31:00","0.08011","0.08011","0.07996","0.08002","7386","11",1,"0"
"2024-10-13 04:32:00","0.08002","0.08014","0.08002","0.08009","20794","11",1,"0"
"2024-10-13 04:33:00","0.08009","0.08011","0.08007","0.08011","19499","11",1,"0"
"2024-10-13 04:35:00","0.08011","0.08017","0.08002","0.08011","29903","11",1,"0"
"2024-10-13 04:36:00","0.08011","0.08021","0.08011","0.08012","7525","11",1,"0"
"2024-10-13 04:37:00","0.08012","0.08017","0.08012","0.08013","5722","11",1,"0"
"2024-10-13 04:38:00","0.08013","0.08024","0.08013","0.08017","31284","11",1,"0"
"2024-10-13 04:39:00","0.08017","0.0802","0.0801","0.08016","12179","11",1,"0"
"2024-10-13 04:43:00","0.08016","0.08018","0.08016","0.08018","252","11",1,"0"
"2024-10-13 04:44:00","0.08018","0.08023","0.08018","0.08021","7530","11",1,"0"
"2024-10-13 04:45:00","0.08021","0.08025","0.08017","0.08025","4219","11",1,"0"
"2024-10-13 04:46:00","0.08025","0.08025","0.0802","0.08022","11416","11",1,"0"
"2024-10-13 04:47:00","0.08022","0.08022","0.08019","0.08019","695","11",1,"0"
"2024-10-13 04:48:00","0.08019","0.08023","0.08016","0.08018","30922","11",1,"0"
"2024-10-13 04:49:00","0.08018","0.08018","0.08015","0.08015","1824","11",1,"0"
"2024-10-13 04:50:00","0.08015","0.08021","0.08013","0.08015","44579","11",1,"0"
"2024-10-13 04:51:00","0.08015","0.08015","0.07941","0.07941","287256","11",1,"0"
"2024-10-13 04:52:00","0.07941","0.07941","0.07932","0.07935","19427","11",1,"0"
"2024-10-13 04:53:00","0.07935","0.07943","0.07935","0.07943","1230","11",1,"0"
"2024-10-13 04:54:00","0.07943","0.07943","0.07899","0.07925","182484","11",1,"0"
"2024-10-13 04:55:00","0.07925","0.07925","0.07882","0.07902","223649","11",1,"0"
"2024-10-13 04:56:00","0.07902","0.07904","0.07894","0.07903","23148","11",1,"0"
"2024-10-13 04:59:00","0.07903","0.07903","0.07895","0.07895","1000","11",1,"0"
"2024-10-13 05:00:00","0.07895","0.07899","0.07895","0.07899","86","11",1,"0"
"2024-10-13 05:01:00","0.07899","0.07903","0.07881","0.07881","50804","11",1,"0"
"2024-10-13 05:02:00","0.07881","0.07895","0.07881","0.07892","43241","11",1,"0"
"2024-10-13 05:04:00","0.07892","0.07895","0.07889","0.07895","28981","11",1,"0"
"2024-10-13 05:05:00","0.07895","0.07898","0.07895","0.07898","2838","11",1,"0"
"2024-10-13 05:06:00","0.07898","0.07915","0.07898","0.07915","8298","11",1,"0"
"2024-10-13 05:07:00","0.07915","0.07943","0.07915","0.07942","54908","11",1,"0"
"2024-10-13 05:08:00","0.07942","0.07965","0.07942","0.07949","13141","11",1,"0"
"2024-10-13 05:09:00","0.07949","0.07966","0.07949","0.07962","2320","11",1,"0"
"2024-10-13 05:10:00","0.07962","0.07967","0.07962","0.07967","7421","11",1,"0"
"2024-10-13 05:11:00","0.07967","0.0799","0.07967","0.0799","1047","11",1,"0"
"2024-10-13 05:14:00","0.0799","0.0799","0.07973","0.07973","202","11",1,"0"
"2024-10-13 05:16:00","0.07973","0.07973","0.07973","0.07973","362","11",1,"0"
"2024-10-13 05:17:00","0.07973","0.07977","0.07973","0.07976","1633","11",1,"0"
"2024-10-13 05:18:00","0.07976","0.07992","0.07971","0.07991","5015","11",1,"0"
"2024-10-13 05:19:00","0.07991","0.07991","0.07986","0.07986","4148","11",1,"0"
"2024-10-13 05:20:00","0.07986","0.07989","0.07977","0.07989","5132","11",1,"0"
"2024-10-13 05:21:00","0.07989","0.07989","0.07977","0.07977","1827","11",1,"0"
"2024-10-13 05:22:00","0.07977","0.07991","0.07977","0.0799","122030","11",1,"0"
"2024-10-13 05:23:00","0.0799","0.0799","0.07972","0.07972","5113","11",1,"0"
"2024-10-13 05:26:00","0.07941","0.07946","0.07941","0.07946","1814","11",1,"0"
"2024-10-13 05:27:00","0.07946","0.07951","0.07937","0.07937","1976","11",1,"0"
"2024-10-13 05:28:00","0.07937","0.07949","0.07937","0.07949","1441","11",1,"0"
"2024-10-13 05:30:00","0.07949","0.07949","0.07943","0.07943","62","11",1,"0"
"2024-10-13 05:31:00","0.07943","0.07943","0.07925","0.07925","6244","11",1,"0"
"2024-10-13 05:35:00","0.07925","0.07943","0.07923","0.07943","3049","11",1,"0"
"2024-10-13 05:40:00","0.07943","0.07959","0.07943","0.07959","1593","11",1,"0"
"2024-10-13 05:41:00","0.07959","0.07959","0.07942","0.07942","19232","11",1,"0"
"2024-10-13 05:42:00","0.07942","0.07942","0.07918","0.07927","772","11",1,"0"
"2024-10-13 05:43:00","0.07927","0.07975","0.0792","0.07962","348120","11",1,"0"
"2024-10-13 05:44:00","0.07962","0.07986","0.07962","0.07986","2787","11",1,"0"
"2024-10-13 05:45:00","0.07986","0.07986","0.0797","0.07977","41379","11",1,"0"
"2024-10-13 05:46:00","0.07977","0.0799","0.07977","0.0799","500","11",1,"0"
"2024-10-13 05:47:00","0.0799","0.07998","0.07979","0.07998","1898","11",1,"0"
"2024-10-13 05:48:00","0.07998","0.07998","0.07987","0.07987","1827","11",1,"0"
"2024-10-13 05:49:00","0.07987","0.08","0.07987","0.07987","5907","11",1,"0"
"2024-10-13 05:50:00","0.07987","0.08003","0.07987","0.08","2821","11",1,"0"
"2024-10-13 05:51:00","0.08","0.08002","0.08","0.08002","630","11",1,"0"
"2024-10-13 05:52:00","0.08002","0.08003","0.08002","0.08003","443","11",1,"0"
"2024-10-13 05:53:00","0.08003","0.08005","0.08003","0.08005","9993","11",1,"0"
"2024-10-13 05:54:00","0.08005","0.08022","0.08005","0.08019","7186","11",1,"0"
"2024-10-13 05:55:00","0.08019","0.08024","0.07985","0.07989","43882","11",1,"0"
"2024-10-13 05:56:00","0.07989","0.07993","0.07988","0.07993","7446","11",1,"0"
"2024-10-13 06:00:00","0.07993","0.07993","0.07986","0.07987","3444","11",1,"0"
"2024-10-13 06:02:00","0.07987","0.07987","0.07964","0.0797","39421","11",1,"0"
"2024-10-13 06:03:00","0.0797","0.07974","0.0797","0.07974","5948","11",1,"0"
"2024-10-13 06:04:00","0.07974","0.07974","0.07972","0.07974","9993","11",1,"0"
"2024-10-13 06:05:00","0.07974","0.0798","0.07974","0.0798","67","11",1,"0"
"2024-10-13 06:06:00","0.0798","0.08009","0.07976","0.08009","10700","11",1,"0"
"2024-10-13 06:08:00","0.08009","0.08009","0.07995","0.08006","4281","11",1,"0"
"2024-10-13 06:09:00","0.08006","0.08016","0.08","0.08016","7029","11",1,"0"
"2024-10-13 06:10:00","0.08016","0.08016","0.0799","0.0799","10567","11",1,"0"
"2024-10-13 06:11:00","0.0799","0.08002","0.0799","0.08002","1761","11",1,"0"
"2024-10-13 06:12:00","0.08002","0.08002","0.07986","0.07986","20001","11",1,"0"
"2024-10-13 06:13:00","0.07986","0.07986","0.07983","0.07983","917","11",1,"0"
"2024-10-13 06:15:00","0.07983","0.07983","0.07972","0.07978","1758","11",1,"0"
"2024-10-13 06:17:00","0.07978","0.08008","0.07978","0.08006","10388","11",1,"0"
"2024-10-13 06:18:00","0.08006","0.08018","0.08002","0.08002","7991","11",1,"0"
"2024-10-13 06:19:00","0.08002","0.08045","0.08002","0.08038","70816","11",1,"0"
"2024-10-13 06:20:00","0.08038","0.08042","0.08036","0.08042","12000","11",1,"0"
"2024-10-13 06:21:00","0.08042","0.08054","0.08026","0.08031","21831","11",1,"0"
"2024-10-13 06:22:00","0.08031","0.08063","0.08023","0.08053","88665","11",1,"0"
"2024-10-13 06:26:00","0.08053","0.08053","0.08037","0.08048","7424","11",1,"0"
"2024-10-13 06:30:00","0.08048","0.08073","0.08037","0.08065","188883","11",1,"0"
"2024-10-13 06:31:00","0.08065","0.08069","0.08064","0.08069","4786","11",1,"0"
"2024-10-13 06:32:00","0.08069","0.08075","0.08062","0.0807","49061","11",1,"0"
"2024-10-13 06:33:00","0.0807","0.08075","0.0807","0.08074","8384","11",1,"0"
"2024-10-13 06:34:00","0.08074","0.08078","0.08074","0.08078","166","11",1,"0"
"2024-10-13 06:37:00","0.08078","0.08097","0.08077","0.08097","78373","11",1,"0"
"2024-10-13 06:38:00","0.08097","0.08097","0.08076","0.08076","11859","11",1,"0"
"2024-10-13 06:39:00","0.08076","0.08106","0.08076","0.08091","46812","11",1,"0"
"2024-10-13 06:42:00","0.08091","0.08091","0.08087","0.08087","131","11",1,"0"
"2024-10-13 06:43:00","0.08087","0.08092","0.08082","0.08092","12165","11",1,"0"
"2024-10-13 06:44:00","0.08092","0.081","0.08092","0.08099","3912","11",1,"0"
"2024-10-13 06:45:00","0.08099","0.08099","0.08088","0.08098","12476","11",1,"0"
"2024-10-13 06:46:00","0.08098","0.08101","0.08078","0.0808","26142","11",1,"0"
"2024-10-13 06:47:00","0.0808","0.0808","0.08074","0.08075","12442","11",1,"0"
"2024-10-13 06:48:00","0.08075","0.08082","0.08075","0.08082","2618","11",1,"0"
"2024-10-13 06:50:00","0.08082","0.08082","0.0808","0.0808","1879","11",1,"0"
"2024-10-13 06:52:00","0.0808","0.0808","0.08028","0.08033","140388","11",1,"0"
"2024-10-13 06:53:00","0.08033","0.08038","0.08033","0.08038","130","11",1,"0"
"2024-10-13 06:54:00","0.08038","0.08038","0.08022","0.08025","19633","11",1,"0"
"2024-10-13 06:56:00","0.08025","0.08033","0.0802","0.08033","12672","11",1,"0"
"2024-10-13 06:57:00","0.08033","0.08033","0.07994","0.08004","17406","11",1,"0"
"2024-10-13 06:58:00","0.08004","0.08004","0.07972","0.07984","13390","11",1,"0"
"2024-10-13 06:59:00","0.07984","0.07984","0.07966","0.07973","7715","11",1,"0"
"2024-10-13 07:00:00","0.07973","0.07977","0.07956","0.07977","19721","11",1,"0"
"2024-10-13 07:01:00","0.07977","0.07977","0.07955","0.07955","1411","11",1,"0"
"2024-10-13 07:02:00","0.07955","0.08003","0.07955","0.0799","28926","11",1,"0"
"2024-10-13 07:03:00","0.0799","0.08013","0.0799","0.08013","5000","11",1,"0"
"2024-10-13 07:04:00","0.08013","0.08013","0.08001","0.08013","65","11",1,"0"
"2024-10-13 07:05:00","0.08013","0.08013","0.07993","0.07993","293","11",1,"0"
"2024-10-13 07:06:00","0.07993","0.08015","0.07993","0.08015","2120","11",1,"0"
"2024-10-13 07:07:00","0.08015","0.08024","0.08015","0.08023","9058","11",1,"0"
"2024-10-13 07:08:00","0.08023","0.08036","0.08023","0.08032","5825","11",1,"0"
"2024-10-13 07:10:00","0.08032","0.08032","0.0803","0.0803","1424","11",1,"0"
"2024-10-13 07:11:00","0.0803","0.08031","0.0803","0.08031","31","11",1,"0"
"2024-10-13 07:12:00","0.08031","0.08031","0.08003","0.08003","105869","11",1,"0"
"2024-10-13 07:13:00","0.08003","0.08003","0.07981","0.07981","30324","11",1,"0"
"2024-10-13 07:14:00","0.07981","0.07981","0.07966","0.07966","4123","11",1,"0"
"2024-10-13 07:15:00","0.07966","0.07966","0.07964","0.07964","1268","11",1,"0"
"2024-10-13 07:16:00","0.07964","0.0798","0.07947","0.07966","45462","11",1,"0"
"2024-10-13 07:17:00","0.07966","0.07983","0.07964","0.07983","3722","11",1,"0"
"2024-10-13 07:18:00","0.07983","0.08008","0.07983","0.08008","14530","11",1,"0"
"2024-10-13 07:20:00","0.08008","0.08018","0.08007","0.08018","13761","11",1,"0"
"2024-10-13 07:21:00","0.08018","0.08018","0.08","0.08002","2145","11",1,"0"
"2024-10-13 07:22:00","0.08002","0.08021","0.08002","0.08021","1855","11",1,"0"
"2024-10-13 07:23:00","0.08021","0.08021","0.08013","0.08013","1837","11",1,"0"
"2024-10-13 07:24:00","0.08013","0.08013","0.07996","0.08011","128","11",1,"0"
"2024-10-13 07:25:00","0.08011","0.08011","0.07983","0.07983","9712","11",1,"0"
"2024-10-13 07:26:00","0.07983","0.07989","0.07983","0.07989","110","11",1,"0"
"2024-10-13 07:27:00","0.07989","0.07989","0.0797","0.07971","6004","11",1,"0"
"2024-10-13 07:28:00","0.07971","0.07979","0.07971","0.07979","1103","11",1,"0"
"2024-10-13 07:31:00","0.07979","0.08013","0.07979","0.08013","13242","11",1,"0"
"2024-10-13 07:32:00","0.08013","0.08013","0.07995","0.07995","3786","11",1,"0"
"2024-10-13 07:35:00","0.07995","0.07997","0.07981","0.07981","7616","11",1,"0"
"2024-10-13 07:36:00","0.07981","0.07981","0.07979","0.07979","271","11",1,"0"
"2024-10-13 07:37:00","0.07979","0.07982","0.07979","0.07982","1524","11",1,"0"
"2024-10-13 07:41:00","0.07982","0.07982","0.07949","0.07962","25503","11",1,"0"
"2024-10-13 07:42:00","0.07962","0.07963","0.07961","0.07961","3997","11",1,"0"
"2024-10-13 07:43:00","0.07961","0.07974","0.07952","0.07974","10391","11",1,"0"
"2024-10-13 07:44:00","0.07974","0.07974","0.07954","0.07954","1829","11",1,"0"
"2024-10-13 07:46:00","0.07954","0.07967","0.07954","0.07967","1162","11",1,"0"
"2024-10-13 07:47:00","0.07967","0.07975","0.07967","0.07973","1576","11",1,"0"
"2024-10-13 07:48:00","0.07973","0.07973","0.0796","0.0796","866","11",1,"0"
"2024-10-13 07:49:00","0.0796","0.0796","0.0796","0.0796","919","11",1,"0"
"2024-10-13 07:51:00","0.0796","0.0796","0.07949","0.07954","23994","11",1,"0"
"2024-10-13 07:52:00","0.07954","0.07975","0.07954","0.0797","21199","11",1,"0"
"2024-10-13 07:53:00","0.0797","0.0797","0.0796","0.0796","2273","11",1,"0"
"2024-10-13 07:54:00","0.0796","0.0796","0.0796","0.0796","130","11",1,"0"
"2024-10-13 07:55:00","0.0796","0.07966","0.07953","0.07961","18273","11",1,"0"
"2024-10-13 07:56:00","0.07961","0.0797","0.07961","0.07966","6750","11",1,"0"
"2024-10-13 07:57:00","0.07966","0.07966","0.07912","0.07926","62659","11",1,"0"
"2024-10-13 07:58:00","0.07926","0.0796","0.07924","0.07951","38211","11",1,"0"
"2024-10-13 07:59:00","0.07951","0.07956","0.0794","0.07956","2969","11",1,"0"
"2024-10-13 08:00:00","0.07956","0.0798","0.07945","0.0798","7582","11",1,"0"
"2024-10-13 08:01:00","0.0798","0.0798","0.07975","0.07975","2469","11",1,"0"
"2024-10-13 08:02:00","0.07975","0.07983","0.07975","0.07983","1","11",1,"0"
"2024-10-13 08:04:00","0.07983","0.07999","0.07983","0.07999","2362","11",1,"0"
"2024-10-13 08:06:00","0.07999","0.08018","0.07999","0.08018","4998","11",1,"0"
"2024-10-13 08:07:00","0.08018","0.08032","0.08018","0.08032","14502","11",1,"0"
"2024-10-13 08:08:00","0.08032","0.08044","0.08029","0.08029","22539","11",1,"0"
"2024-10-13 08:10:00","0.08029","0.08038","0.08029","0.08035","323","11",1,"0"
"2024-10-13 08:11:00","0.08035","0.08044","0.08035","0.08044","532","11",1,"0"
"2024-10-13 08:12:00","0.08044","0.08044","0.08027","0.08027","667","11",1,"0"
"2024-10-13 08:13:00","0.08027","0.08027","0.08026","0.08026","1681","11",1,"0"
"2024-10-13 08:16:00","0.08026","0.08026","0.0801","0.0801","856","11",1,"0"
"2024-10-13 08:25:00","0.0801","0.0802","0.0801","0.08019","1708","11",1,"0"
"2024-10-13 08:26:00","0.08019","0.08019","0.07975","0.08004","402589","11",1,"0"
"2024-10-13 08:27:00","0.08004","0.08004","0.07971","0.07976","3660","11",1,"0"
"2024-10-13 08:29:00","0.07976","0.07977","0.07976","0.07977","867","11",1,"0"
"2024-10-13 08:30:00","0.07977","0.07979","0.07976","0.07979","5051","11",1,"0"
"2024-10-13 08:31:00","0.07979","0.08002","0.07979","0.08002","1978","11",1,"0"
"2024-10-13 08:33:00","0.08002","0.08018","0.08002","0.08018","2256","11",1,"0"
"2024-10-13 08:34:00","0.08018","0.08033","0.08018","0.08033","12471","11",1,"0"
"2024-10-13 08:37:00","0.08033","0.08041","0.08032","0.08041","4120","11",1,"0"
"2024-10-13 08:40:00","0.08041","0.08057","0.08041","0.08057","6259","11",1,"0"
"2024-10-13 08:41:00","0.08057","0.08057","0.08046","0.08046","3569","11",1,"0"
"2024-10-13 08:43:00","0.08046","0.08052","0.08046","0.08052","2769","11",1,"0"
"2024-10-13 08:44:00","0.08052","0.08062","0.08043","0.0806","6304","11",1,"0"
"2024-10-13 08:45:00","0.0806","0.08074","0.08056","0.08065","20019","11",1,"0"
"2024-10-13 08:46:00","0.08065","0.08074","0.08065","0.08074","644","11",1,"0"
"2024-10-13 08:47:00","0.08074","0.08074","0.08061","0.08061","1092","11",1,"0"
"2024-10-13 08:49:00","0.08061","0.08072","0.08061","0.08072","444","11",1,"0"
"2024-10-13 08:51:00","0.08072","0.08072","0.08039","0.08039","106086","11",1,"0"
"2024-10-13 08:52:00","0.08039","0.0804","0.08036","0.08036","1279","11",1,"0"
"2024-10-13 08:53:00","0.08036","0.08036","0.0801","0.08012","3290","11",1,"0"
"2024-10-13 08:57:00","0.08012","0.08012","0.07989","0.07997","5100","11",1,"0"
"2024-10-13 08:58:00","0.07997","0.07997","0.07976","0.07991","123712","11",1,"0"
"2024-10-13 08:59:00","0.07991","0.08007","0.07989","0.08007","43036","11",1,"0"
"2024-10-13 09:01:00","0.08007","0.08007","0.07988","0.07988","1645","11",1,"0"
"2024-10-13 09:02:00","0.07988","0.07988","0.07941","0.07954","28176","11",1,"0"
"2024-10-13 09:03:00","0.07954","0.07991","0.07954","0.07977","35801","11",1,"0"
"2024-10-13 09:04:00","0.07977","0.07977","0.07977","0.07977","509","11",1,"0"
"2024-10-13 09:05:00","0.07977","0.07989","0.07977","0.0798","4221","11",1,"0"
"2024-10-13 09:06:00","0.0798","0.07999","0.0798","0.07999","1224","11",1,"0"
"2024-10-13 09:07:00","0.07999","0.07999","0.07983","0.07983","626","11",1,"0"
"2024-10-13 09:08:00","0.07983","0.07983","0.07979","0.07979","1136","11",1,"0"
"2024-10-13 09:09:00","0.07979","0.07979","0.07977","0.07977","977","11",1,"0"
"2024-10-13 09:11:00","0.07977","0.07977","0.07952","0.07952","1592","11",1,"0"
"2024-10-13 09:12:00","0.07952","0.07959","0.07952","0.07959","5116","11",1,"0"
"2024-10-13 09:13:00","0.07959","0.0796","0.07957","0.07957","2582","11",1,"0"
"2024-10-13 09:14:00","0.07957","0.07967","0.07956","0.07962","6881","11",1,"0"
"2024-10-13 09:15:00","0.07962","0.0797","0.07962","0.0797","1916","11",1,"0"
"2024-10-13 09:16:00","0.0797","0.07972","0.0797","0.07972","115","11",1,"0"
"2024-10-13 09:17:00","0.07972","0.07981","0.07967","0.07967","20276","11",1,"0"
"2024-10-13 09:18:00","0.07967","0.07986","0.07967","0.07985","32182","11",1,"0"
"2024-10-13 09:19:00","0.07985","0.07999","0.07985","0.07993","5409","11",1,"0"
"2024-10-13 09:20:00","0.07993","0.08009","0.07992","0.08009","6276","11",1,"0"
"2024-10-13 09:21:00","0.08009","0.08022","0.08006","0.08022","1879","11",1,"0"
"2024-10-13 09:22:00","0.08022","0.08022","0.0802","0.0802","1128","11",1,"0"
"2024-10-13 09:23:00","0.0802","0.0802","0.08013","0.08013","1010","11",1,"0"
"2024-10-13 09:26:00","0.08013","0.08014","0.08011","0.08011","6244","11",1,"0"
"2024-10-13 09:27:00","0.08011","0.08013","0.08004","0.08005","14472","11",1,"0"
"2024-10-13 09:29:00","0.08005","0.08017","0.08005","0.08017","3719","11",1,"0"
"2024-10-13 09:30:00","0.08017","0.08017","0.07995","0.07995","2869","11",1,"0"
"2024-10-13 09:31:00","0.07995","0.08022","0.07995","0.0802","6450","11",1,"0"
"2024-10-13 09:32:00","0.0802","0.0802","0.08001","0.08001","3930","11",1,"0"
"2024-10-13 09:33:00","0.08001","0.08001","0.07992","0.07992","1155","11",1,"0"
"2024-10-13 09:34:00","0.07992","0.07992","0.07981","0.07981","24320","11",1,"0"
"2024-10-13 09:35:00","0.07981","0.07981","0.0798","0.0798","1801","11",1,"0"
"2024-10-13 09:36:00","0.0798","0.07986","0.07979","0.07986","1814","11",1,"0"
"2024-10-13 09:38:00","0.07986","0.07986","0.07966","0.07966","1627","11",1,"0"
"2024-10-13 09:40:00","0.07966","0.07976","0.07966","0.07976","5814","11",1,"0"
"2024-10-13 09:42:00","0.07976","0.07986","0.07976","0.07986","5000","11",1,"0"
"2024-10-13 09:43:00","0.07986","0.07986","0.07975","0.07975","254","11",1,"0"
"2024-10-13 09:45:00","0.07975","0.07984","0.07975","0.07984","22901","11",1,"0"
"2024-10-13 09:46:00","0.07984","0.07987","0.07984","0.07987","1780","11",1,"0"
"2024-10-13 09:48:00","0.07987","0.08","0.07987","0.08","728","11",1,"0"
"2024-10-13 09:51:00","0.08","0.08003","0.08","0.08003","1761","11",1,"0"
"2024-10-13 09:52:00","0.08003","0.08003","0.07989","0.07989","2499","11",1,"0"
"2024-10-13 09:53:00","0.07989","0.07989","0.0796","0.07962","12825","11",1,"0"
"2024-10-13 09:54:00","0.07962","0.07971","0.07962","0.07964","142","11",1,"0"
"2024-10-13 09:55:00","0.07964","0.07964","0.07963","0.07963","469","11",1,"0"
"2024-10-13 09:56:00","0.07963","0.07963","0.07952","0.07955","10568","11",1,"0"
"2024-10-13 10:00:00","0.07955","0.07961","0.07955","0.0796","4130","11",1,"0"
"2024-10-13 10:02:00","0.0796","0.07962","0.0794","0.0794","49635","11",1,"0"
"2024-10-13 10:03:00","0.0794","0.07941","0.0794","0.07941","1903","11",1,"0"
"2024-10-13 10:05:00","0.07941","0.07948","0.07941","0.07948","2","11",1,"0"
"2024-10-13 10:06:00","0.07948","0.07948","0.0794","0.07941","91297","11",1,"0"
"2024-10-13 10:07:00","0.07941","0.07948","0.07941","0.07948","1880","11",1,"0"
"2024-10-13 10:08:00","0.07948","0.07952","0.07942","0.07952","14401","11",1,"0"
"2024-10-13 10:09:00","0.07952","0.07952","0.07943","0.07943","1843","11",1,"0"
"2024-10-13 10:10:00","0.07943","0.07943","0.07916","0.07932","57223","11",1,"0"
"2024-10-13 10:11:00","0.07932","0.07948","0.07918","0.07931","3305","11",1,"0"
"2024-10-13 10:12:00","0.07931","0.07958","0.07931","0.07958","4067","11",1,"0"
"2024-10-13 10:14:00","0.07958","0.07958","0.07942","0.07942","147","11",1,"0"
"2024-10-13 10:16:00","0.07942","0.07957","0.07942","0.07957","9341","11",1,"0"
"2024-10-13 10:17:00","0.07957","0.07966","0.07957","0.07966","3629","11",1,"0"
"2024-10-13 10:21:00","0.07966","0.0799","0.07966","0.0799","9417","11",1,"0"
"2024-10-13 10:23:00","0.0799","0.0799","0.07983","0.07983","1580","11",1,"0"
"2024-10-13 10:24:00","0.07983","0.07983","0.07976","0.07976","1867","11",1,"0"
"2024-10-13 10:25:00","0.07976","0.07976","0.07959","0.07959","14403","11",1,"0"
"2024-10-13 10:28:00","0.07959","0.0796","0.07959","0.0796","1927","11",1,"0"
"2024-10-13 10:32:00","0.0796","0.0796","0.07956","0.07956","301","11",1,"0"
"2024-10-13 10:33:00","0.07956","0.07956","0.07881","0.0792","198851","11",1,"0"
"2024-10-13 10:35:00","0.0792","0.0792","0.07887","0.07894","3011","11",1,"0"
"2024-10-13 10:36:00","0.07894","0.07899","0.07894","0.07899","895","11",1,"0"
"2024-10-13 10:37:00","0.07899","0.07899","0.07857","0.0788","34654","11",1,"0"
"2024-10-13 10:39:00","0.0788","0.0788","0.07846","0.07846","26146","11",1,"0"
"2024-10-13 10:40:00","0.07846","0.07882","0.07846","0.07856","27804","11",1,"0"
"2024-10-13 10:41:00","0.07856","0.07879","0.07856","0.07879","22512","11",1,"0"
"2024-10-13 10:42:00","0.07879","0.07879","0.0785","0.0785","215","11",1,"0"
"2024-10-13 10:44:00","0.0785","0.07857","0.0784","0.0784","58027","11",1,"0"
"2024-10-13 10:45:00","0.0784","0.07855","0.0784","0.07855","14103","11",1,"0"
"2024-10-13 10:46:00","0.07855","0.07856","0.07844","0.07852","24992","11",1,"0"
"2024-10-13 10:47:00","0.07852","0.07858","0.07845","0.07858","2523","11",1,"0"
"2024-10-13 10:48:00","0.07858","0.07859","0.0785","0.07851","8396","11",1,"0"
"2024-10-13 10:49:00","0.07851","0.07855","0.0784","0.07855","35056","11",1,"0"
"2024-10-13 10:53:00","0.07855","0.07855","0.07786","0.07831","371689","11",1,"0"
"2024-10-13 10:54:00","0.07831","0.07837","0.07791","0.07798","77312","11",1,"0"
"2024-10-13 10:55:00","0.07798","0.07798","0.0778","0.07786","47039","11",1,"0"
"2024-10-13 10:56:00","0.07786","0.07786","0.07774","0.07774","5673","11",1,"0"
"2024-10-13 10:57:00","0.07774","0.07774","0.07704","0.07712","155863","11",1,"0"
"2024-10-13 10:58:00","0.07712","0.07748","0.07697","0.07745","108446","11",1,"0"
"2024-10-13 10:59:00","0.07745","0.07749","0.07723","0.07728","8098","11",1,"0"
"2024-10-13 11:00:00","0.07728","0.07747","0.07714","0.07719","32668","11",1,"0"
"2024-10-13 11:01:00","0.07719","0.07746","0.07719","0.07729","10407","11",1,"0"
"2024-10-13 11:02:00","0.07729","0.07762","0.07729","0.07737","22262","11",1,"0"
"2024-10-13 11:03:00","0.07737","0.07762","0.0773","0.07733","27902","11",1,"0"
"2024-10-13 11:04:00","0.07733","0.07758","0.07708","0.07709","47633","11",1,"0"
"2024-10-13 11:05:00","0.07709","0.07739","0.07707","0.07718","22299","11",1,"0"
"2024-10-13 11:06:00","0.07718","0.07743","0.07718","0.0774","7834","11",1,"0"
"2024-10-13 11:07:00","0.0774","0.07748","0.07725","0.07725","3559","11",1,"0"
"2024-10-13 11:08:00","0.07725","0.07739","0.07725","0.07737","3593","11",1,"0"
"2024-10-13 11:09:00","0.07737","0.0778","0.07736","0.07775","154277","11",1,"0"
"2024-10-13 11:12:00","0.07775","0.07775","0.07752","0.07752","3202","11",1,"0"
"2024-10-13 11:14:00","0.07752","0.07752","0.07733","0.07733","13125","11",1,"0"
"2024-10-13 11:15:00","0.07733","0.07736","0.07721","0.07721","15568","11",1,"0"
"2024-10-13 11:16:00","0.07721","0.07724","0.07718","0.07724","528","11",1,"0"
"2024-10-13 11:17:00","0.07724","0.07724","0.07652","0.07671","301838","11",1,"0"
"2024-10-13 11:18:00","0.07671","0.07673","0.07649","0.07659","8389","11",1,"0"
"2024-10-13 11:19:00","0.07659","0.07659","0.07647","0.0765","592","11",1,"0"
"2024-10-13 11:20:00","0.0765","0.07663","0.0764","0.07662","63336","11",1,"0"
"2024-10-13 11:21:00","0.07662","0.07678","0.0766","0.07678","50071","11",1,"0"
"2024-10-13 11:22:00","0.07678","0.07679","0.0767","0.07679","1508","11",1,"0"
"2024-10-13 11:23:00","0.07679","0.07679","0.0765","0.0766","5664","11",1,"0"
"2024-10-13 11:24:00","0.0766","0.0766","0.07656","0.0766","670","11",1,"0"
"2024-10-13 11:26:00","0.0766","0.0766","0.07622","0.07639","63884","11",1,"0"
"2024-10-13 11:27:00","0.07639","0.07644","0.07624","0.07631","11768","11",1,"0"
"2024-10-13 11:29:00","0.07631","0.07641","0.07617","0.0763","71068","11",1,"0"
"2024-10-13 11:30:00","0.0763","0.07693","0.0763","0.07679","74294","11",1,"0"
"2024-10-13 11:31:00","0.07679","0.07686","0.07679","0.07686","403","11",1,"0"
"2024-10-13 11:32:00","0.07686","0.0771","0.07686","0.077","25587","11",1,"0"
"2024-10-13 11:33:00","0.077","0.07702","0.07694","0.07694","28907","11",1,"0"
"2024-10-13 11:34:00","0.07694","0.07714","0.07692","0.07692","16925","11",1,"0"
"2024-10-13 11:35:00","0.07692","0.07716","0.07692","0.07716","3608","11",1,"0"
"2024-10-13 11:36:00","0.07716","0.07719","0.07708","0.07718","4511","11",1,"0"
"2024-10-13 11:37:00","0.07718","0.07718","0.0771","0.07718","2257","11",1,"0"
"2024-10-13 11:38:00","0.07718","0.07719","0.07718","0.07719","16","11",1,"0"
"2024-10-13 11:39:00","0.07719","0.0772","0.07718","0.0772","12738","11",1,"0"
"2024-10-13 11:40:00","0.0772","0.0772","0.0771","0.0771","2884","11",1,"0"
"2024-10-13 11:42:00","0.0771","0.0771","0.07659","0.07659","4825","11",1,"0"
"2024-10-13 11:43:00","0.07659","0.07666","0.07659","0.07666","131","11",1,"0"
"2024-10-13 11:46:00","0.07666","0.0772","0.07666","0.07709","65822","11",1,"0"
"2024-10-13 11:47:00","0.07709","0.07738","0.07709","0.07738","14778","11",1,"0"
"2024-10-13 11:48:00","0.07738","0.07745","0.07736","0.07745","5519","11",1,"0"
"2024-10-13 11:49:00","0.07745","0.07753","0.07743","0.07749","4431","11",1,"0"
"2024-10-13 11:50:00","0.07749","0.07761","0.07736","0.07736","29422","11",1,"0"
"2024-10-13 11:53:00","0.07736","0.07736","0.07728","0.07728","1636","11",1,"0"
"2024-10-13 11:54:00","0.07728","0.07728","0.0771","0.0771","1347","11",1,"0"
"2024-10-13 11:55:00","0.0771","0.07713","0.0771","0.07713","613","11",1,"0"
"2024-10-13 11:58:00","0.07713","0.07713","0.07699","0.07699","612","11",1,"0"
"2024-10-13 11:59:00","0.07699","0.07699","0.07696","0.07696","192","11",1,"0"
"2024-10-13 12:00:00","0.07696","0.07696","0.0766","0.07663","8556","11",1,"0"
"2024-10-13 12:01:00","0.07663","0.07677","0.07634","0.07677","17549","11",1,"0"
"2024-10-13 12:02:00","0.07677","0.07677","0.07651","0.07651","501","11",1,"0"
"2024-10-13 12:03:00","0.07651","0.07688","0.07651","0.07688","4461","11",1,"0"
"2024-10-13 12:05:00","0.07688","0.07688","0.07671","0.07673","289","11",1,"0"
"2024-10-13 12:06:00","0.07673","0.07695","0.07673","0.07683","735","11",1,"0"
"2024-10-13 12:07:00","0.07683","0.07683","0.07678","0.07678","67","11",1,"0"
"2024-10-13 12:09:00","0.07678","0.07693","0.07678","0.07693","16734","11",1,"0"
"2024-10-13 12:10:00","0.07693","0.07706","0.07693","0.07706","19912","11",1,"0"
"2024-10-13 12:11:00","0.07706","0.07706","0.07684","0.07706","4511","11",1,"0"
"2024-10-13 12:12:00","0.07706","0.07707","0.07705","0.07707","378","11",1,"0"
"2024-10-13 12:13:00","0.07707","0.07715","0.07707","0.07714","4745","11",1,"0"
"2024-10-13 12:14:00","0.07714","0.07717","0.07711","0.07711","3102","11",1,"0"
"2024-10-13 12:15:00","0.07711","0.07723","0.07711","0.07719","7417","11",1,"0"
"2024-10-13 12:17:00","0.07719","0.07739","0.07719","0.07739","4392","11",1,"0"
"2024-10-13 12:18:00","0.07739","0.07747","0.07734","0.0774","9945","11",1,"0"
"2024-10-13 12:19:00","0.0774","0.07752","0.0774","0.07747","4885","11",1,"0"
"2024-10-13 12:20:00","0.07747","0.07747","0.07723","0.07723","2064","11",1,"0"
"2024-10-13 12:21:00","0.07723","0.07723","0.07712","0.07712","587","11",1,"0"
"2024-10-13 12:22:00","0.07712","0.07751","0.07712","0.07747","12068","11",1,"0"
"2024-10-13 12:23:00","0.07747","0.07761","0.07747","0.07761","1544","11",1,"0"
"2024-10-13 12:25:00","0.07761","0.07761","0.07723","0.07726","6457","11",1,"0"
"2024-10-13 12:26:00","0.07726","0.07751","0.07726","0.07746","29712","11",1,"0"
"2024-10-13 12:27:00","0.07746","0.07747","0.07742","0.07743","3181","11",1,"0"
"2024-10-13 12:29:00","0.07743","0.07761","0.07743","0.07761","15777","11",1,"0"
"2024-10-13 12:30:00","0.07761","0.07779","0.07761","0.07775","11813","11",1,"0"
"2024-10-13 12:31:00","0.07775","0.07788","0.07775","0.07783","22927","11",1,"0"
"2024-10-13 12:32:00","0.07783","0.07789","0.07774","0.07774","31272","11",1,"0"
"2024-10-13 12:33:00","0.07774","0.07774","0.07751","0.07751","4133","11",1,"0"
"2024-10-13 12:34:00","0.07751","0.07781","0.07751","0.07781","6852","11",1,"0"
"2024-10-13 12:35:00","0.07781","0.07781","0.07777","0.07781","18352","11",1,"0"
"2024-10-13 12:36:00","0.07781","0.07781","0.0776","0.0776","1845","11",1,"0"
"2024-10-13 12:37:00","0.0776","0.07788","0.0776","0.07788","1242","11",1,"0"
"2024-10-13 12:39:00","0.07788","0.07793","0.07788","0.07788","4067","11",1,"0"
"2024-10-13 12:40:00","0.07788","0.07788","0.07786","0.07786","1165","11",1,"0"
"2024-10-13 12:41:00","0.07786","0.07799","0.07786","0.07794","1692","11",1,"0"
"2024-10-13 12:44:00","0.07794","0.07795","0.07789","0.07789","3380","11",1,"0"
"2024-10-13 12:45:00","0.07789","0.07789","0.07767","0.07774","3702","11",1,"0"
"2024-10-13 12:46:00","0.07774","0.07789","0.07774","0.07789","3192","11",1,"0"
"2024-10-13 12:48:00","0.07789","0.07789","0.07766","0.07775","8521","11",1,"0"
"2024-10-13 12:49:00","0.07775","0.07775","0.07769","0.07769","520","11",1,"0"
"2024-10-13 12:50:00","0.07769","0.07769","0.07767","0.07769","2329","11",1,"0"
"2024-10-13 12:51:00","0.07769","0.0778","0.07769","0.07772","1181","11",1,"0"
"2024-10-13 12:53:00","0.07772","0.07786","0.07772","0.07786","1476","11",1,"0"
"2024-10-13 12:54:00","0.07786","0.07786","0.07771","0.07771","3472","11",1,"0"
"2024-10-13 12:56:00","0.07771","0.07798","0.07771","0.07794","30007","11",1,"0"
"2024-10-13 12:57:00","0.07794","0.07794","0.07774","0.07774","1572","11",1,"0"
"2024-10-13 12:58:00","0.07774","0.07794","0.07766","0.07789","9712","11",1,"0"
"2024-10-13 13:00:00","0.07789","0.07789","0.07762","0.07766","1284","11",1,"0"
"2024-10-13 13:01:00","0.07766","0.07775","0.07766","0.07772","9597","11",1,"0"
"2024-10-13 13:03:00","0.07772","0.07802","0.07772","0.07788","54584","11",1,"0"
"2024-10-13 13:05:00","0.07788","0.07801","0.07788","0.07801","1076","11",1,"0"
"2024-10-13 13:06:00","0.07801","0.07801","0.07791","0.07799","781","11",1,"0"
"2024-10-13 13:08:00","0.07799","0.07799","0.07766","0.07766","5159","11",1,"0"
"2024-10-13 13:10:00","0.07766","0.07781","0.07766","0.07781","4646","11",1,"0"
"2024-10-13 13:11:00","0.07781","0.07804","0.07781","0.07782","8322","11",1,"0"
"2024-10-13 13:12:00","0.07782","0.07782","0.07782","0.07782","2678","11",1,"0"
"2024-10-13 13:14:00","0.07782","0.07798","0.07782","0.07798","2158","11",1,"0"
"2024-10-13 13:15:00","0.07798","0.078","0.07798","0.078","190","11",1,"0"
"2024-10-13 13:16:00","0.078","0.07805","0.07791","0.07791","2619","11",1,"0"
"2024-10-13 13:17:00","0.07791","0.07791","0.0778","0.07788","4216","11",1,"0"
"2024-10-13 13:19:00","0.07788","0.07788","0.07769","0.07769","5751","11",1,"0"
"2024-10-13 13:20:00","0.07769","0.07773","0.07759","0.07772","13020","11",1,"0"
"2024-10-13 13:21:00","0.07772","0.07772","0.07752","0.07752","5382","11",1,"0"
"2024-10-13 13:22:00","0.07752","0.07753","0.0774","0.07752","10060","11",1,"0"
"2024-10-13 13:23:00","0.07752","0.07753","0.07728","0.07736","46172","11",1,"0"
"2024-10-13 13:24:00","0.07736","0.07745","0.07736","0.0774","2201","11",1,"0"
"2024-10-13 13:25:00","0.0774","0.07744","0.0774","0.07744","2300","11",1,"0"
"2024-10-13 13:26:00","0.07744","0.07746","0.07743","0.07746","1885","11",1,"0"
"2024-10-13 13:27:00","0.07746","0.07746","0.07732","0.07732","5913","11",1,"0"
"2024-10-13 13:28:00","0.07732","0.07737","0.07732","0.07737","1880","11",1,"0"
"2024-10-13 13:29:00","0.07737","0.07743","0.07735","0.07743","3311","11",1,"0"
"2024-10-13 13:30:00","0.07743","0.07749","0.07734","0.07734","7986","11",1,"0"
"2024-10-13 13:34:00","0.07734","0.07747","0.07734","0.07747","4004","11",1,"0"
"2024-10-13 13:36:00","0.07747","0.07747","0.07736","0.07736","1444","11",1,"0"
"2024-10-13 13:37:00","0.07736","0.07744","0.07736","0.07744","67","11",1,"0"
"2024-10-13 13:38:00","0.07744","0.07744","0.07676","0.07682","68951","11",1,"0"
"2024-10-13 13:39:00","0.07682","0.07686","0.07665","0.07678","23838","11",1,"0"
"2024-10-13 13:40:00","0.07678","0.07683","0.07678","0.07683","1878","11",1,"0"
"2024-10-13 13:42:00","0.07683","0.07683","0.07647","0.07647","21941","11",1,"0"
"2024-10-13 13:43:00","0.07647","0.07662","0.07639","0.07639","2464","11",1,"0"
"2024-10-13 13:44:00","0.07639","0.07659","0.07639","0.07659","3787","11",1,"0"
"2024-10-13 13:47:00","0.07659","0.07664","0.07659","0.07664","2034","11",1,"0"
"2024-10-13 13:48:00","0.07664","0.07673","0.07664","0.07673","2332","11",1,"0"
"2024-10-13 13:50:00","0.07673","0.07688","0.07673","0.07687","9788","11",1,"0"
"2024-10-13 13:51:00","0.07687","0.07687","0.07674","0.07674","692","11",1,"0"
"2024-10-13 13:52:00","0.07674","0.07707","0.07674","0.07707","17605","11",1,"0"
"2024-10-13 13:53:00","0.07707","0.07707","0.07694","0.07694","2068","11",1,"0"
"2024-10-13 13:55:00","0.07694","0.0771","0.07694","0.0771","4635","11",1,"0"
"2024-10-13 13:56:00","0.0771","0.0771","0.07675","0.0768","3977","11",1,"0"
"2024-10-13 13:58:00","0.0768","0.07683","0.0768","0.07683","16","11",1,"0"
"2024-10-13 13:59:00","0.07683","0.07683","0.07683","0.07683","17","11",1,"0"
"2024-10-13 14:00:00","0.07683","0.07683","0.07683","0.07683","22982","11",1,"0"
"2024-10-13 14:01:00","0.07683","0.07683","0.07681","0.07682","9000","11",1,"0"
"2024-10-13 14:02:00","0.07682","0.07682","0.0766","0.07674","5009","11",1,"0"
"2024-10-13 14:05:00","0.07674","0.07674","0.07617","0.07631","82868","11",1,"0"
"2024-10-13 14:06:00","0.07631","0.07687","0.07604","0.07666","166066","11",1,"0"
"2024-10-13 14:07:00","0.07666","0.07678","0.07662","0.07678","4842","11",1,"0"
"2024-10-13 14:08:00","0.07678","0.07678","0.07677","0.07677","108","11",1,"0"
"2024-10-13 14:09:00","0.07677","0.07699","0.07677","0.07699","11067","11",1,"0"
"2024-10-13 14:10:00","0.07699","0.07699","0.07655","0.07656","41568","11",1,"0"
"2024-10-13 14:11:00","0.07656","0.07656","0.07635","0.07638","4220","11",1,"0"
"2024-10-13 14:12:00","0.07638","0.07638","0.0762","0.07629","10433","11",1,"0"
"2024-10-13 14:13:00","0.07629","0.07629","0.07616","0.07616","1210","11",1,"0"
"2024-10-13 14:14:00","0.07616","0.07616","0.07585","0.07593","124094","11",1,"0"
"2024-10-13 14:15:00","0.07593","0.07605","0.07593","0.07593","19086","11",1,"0"
"2024-10-13 14:16:00","0.07593","0.07628","0.07593","0.07628","6228","11",1,"0"
"2024-10-13 14:17:00","0.07628","0.0764","0.07628","0.0763","24792","11",1,"0"
"2024-10-13 14:18:00","0.0763","0.0764","0.0763","0.0764","1370","11",1,"0"
"2024-10-13 14:19:00","0.0764","0.07659","0.07634","0.07656","51819","11",1,"0"
"2024-10-13 14:20:00","0.07656","0.07656","0.07646","0.0765","2826","11",1,"0"
"2024-10-13 14:21:00","0.0765","0.0765","0.07638","0.07638","6259","11",1,"0"
"2024-10-13 14:23:00","0.07638","0.07673","0.07638","0.07662","8549","11",1,"0"
"2024-10-13 14:24:00","0.07662","0.07665","0.07662","0.07664","1543","11",1,"0"
"2024-10-13 14:25:00","0.07664","0.07665","0.07647","0.07647","14710","11",1,"0"
"2024-10-13 14:27:00","0.07647","0.07657","0.07647","0.07657","3540","11",1,"0"
"2024-10-13 14:29:00","0.07657","0.07671","0.07657","0.07671","4145","11",1,"0"
"2024-10-13 14:30:00","0.07671","0.07714","0.07671","0.07714","18502","11",1,"0"
"2024-10-13 14:31:00","0.07714","0.07716","0.07699","0.07699","16228","11",1,"0"
"2024-10-13 14:32:00","0.07699","0.07708","0.07698","0.07707","1427","11",1,"0"
"2024-10-13 14:33:00","0.07707","0.07721","0.07707","0.07721","8141","11",1,"0"
"2024-10-13 14:35:00","0.07721","0.07721","0.07667","0.07675","30315","11",1,"0"
"2024-10-13 14:36:00","0.07675","0.07675","0.07644","0.07648","6603","11",1,"0"
"2024-10-13 14:37:00","0.07648","0.07648","0.07628","0.07628","17268","11",1,"0"
"2024-10-13 14:38:00","0.07628","0.07638","0.07626","0.07635","37054","11",1,"0"
"2024-10-13 14:41:00","0.07635","0.07635","0.07593","0.07608","47134","11",1,"0"
"2024-10-13 14:42:00","0.07608","0.07621","0.07608","0.07621","12356","11",1,"0"
"2024-10-13 14:43:00","0.07621","0.07622","0.07608","0.07622","22446","11",1,"0"
"2024-10-13 14:44:00","0.07622","0.07622","0.07612","0.07612","1861","11",1,"0"
"2024-10-13 14:45:00","0.07612","0.07616","0.07603","0.07616","19467","11",1,"0"
"2024-10-13 14:46:00","0.07616","0.07627","0.07586","0.07586","34903","11",1,"0"
"2024-10-13 14:47:00","0.07586","0.07626","0.07586","0.07621","14886","11",1,"0"
"2024-10-13 14:48:00","0.07621","0.07621","0.07608","0.07608","163","11",1,"0"
"2024-10-13 14:49:00","0.07608","0.07629","0.07608","0.07629","14946","11",1,"0"
"2024-10-13 14:50:00","0.07629","0.07643","0.07622","0.07642","29278","11",1,"0"
"2024-10-13 14:52:00","0.07642","0.07642","0.07616","0.07621","1614","11",1,"0"
"2024-10-13 14:53:00","0.07621","0.07621","0.07607","0.07607","934","11",1,"0"
"2024-10-13 14:54:00","0.07607","0.07623","0.07599","0.07619","12904","11",1,"0"
"2024-10-13 14:56:00","0.07619","0.07622","0.07615","0.07622","1491","11",1,"0"
"2024-10-13 14:57:00","0.07622","0.07622","0.07612","0.07613","996","11",1,"0"
"2024-10-13 14:58:00","0.07613","0.07625","0.07613","0.07623","8867","11",1,"0"
"2024-10-13 14:59:00","0.07623","0.07623","0.07617","0.07617","2901","11",1,"0"
"2024-10-13 15:00:00","0.07617","0.07623","0.07611","0.07623","632","11",1,"0"
"2024-10-13 15:01:00","0.07623","0.07623","0.07613","0.07616","6593","11",1,"0"
"2024-10-13 15:02:00","0.07616","0.07623","0.07616","0.07623","3550","11",1,"0"
"2024-10-13 15:03:00","0.07623","0.07641","0.07623","0.07641","8077","11",1,"0"
"2024-10-13 15:05:00","0.07641","0.07646","0.07641","0.07646","2790","11",1,"0"
"2024-10-13 15:06:00","0.07646","0.07646","0.07644","0.07644","30","11",1,"0"
"2024-10-13 15:07:00","0.07644","0.07647","0.07644","0.07644","1443","11",1,"0"
"2024-10-13 15:09:00","0.07644","0.07667","0.07644","0.07667","17200","11",1,"0"
"2024-10-13 15:10:00","0.07667","0.07682","0.07667","0.07681","7636","11",1,"0"
"2024-10-13 15:12:00","0.07681","0.07685","0.07678","0.07685","1516","11",1,"0"
"2024-10-13 15:13:00","0.07685","0.07685","0.07682","0.07682","3163","11",1,"0"
"2024-10-13 15:14:00","0.07682","0.07685","0.07682","0.07685","421","11",1,"0"
"2024-10-13 15:15:00","0.07685","0.07691","0.07684","0.07691","12164","11",1,"0"
"2024-10-13 15:17:00","0.07691","0.07691","0.07677","0.07677","1745","11",1,"0"
"2024-10-13 15:18:00","0.07677","0.07682","0.07677","0.07682","28","11",1,"0"
"2024-10-13 15:19:00","0.07682","0.07682","0.07681","0.07681","100","11",1,"0"
"2024-10-13 15:20:00","0.07681","0.07681","0.07666","0.07666","404","11",1,"0"
"2024-10-13 15:23:00","0.07666","0.07699","0.07666","0.07699","5675","11",1,"0"
